PROC_IDENT;PROC_FUNC;FUNCTIE_OMS;INK_UITG_IND;TARIEF_CODE_PRV;BER_NR_FUNC;REG_DAT_PR_VL;PROC_IDENT_COMB;PROC_FUNC_COMB;PROD_CODE_PR_V;B_DAT_PROD_PR_V
8;5;Aanvraagbericht;0;0;17;19941111;NULL;NULL;NOPROD;20000101
8;7;Geslaagde nr 4;1;0;9;19941111;NULL;NULL;NOPROD;20000101
8;8;Geslaagde nr 5;1;0;9;19941111;NULL;NULL;NOPROD;20000101
8;9;Mislukt;1;0;9;19941111;NULL;NULL;NOPROD;20000101
9;8;Geslaagd;1;0;17;19941111;NULL;NULL;NOPROD;20000101
9;9;Mislukt;1;0;17;19941111;NULL;NULL;NOPROD;20000101
11;8;Geslaagd;1;0;17;19941111;NULL;NULL;NOPROD;20000101
11;9;Mislukt;1;0;17;19941111;NULL;NULL;NOPROD;20000101
13;1;AANVRAAGBERICHT;0;0;2;20110818;NULL;NULL;NOPROD;20040101
13;8;ANTWOORDBERICHT;1;0;2;19941111;NULL;NULL;NOPROD;20040101
13;13;FOUTBERICHT;1;0;2;19941111;NULL;NULL;NOPROD;20040101
16;8;Geslaagd;1;0;17;19941111;NULL;NULL;NOPROD;20000101
16;9;Mislukt;1;0;17;19941111;NULL;NULL;NOPROD;20000101
19;8;Geslaagd;1;0;17;19941111;NULL;NULL;NOPROD;20000101
19;9;Mislukt;1;0;17;19941111;NULL;NULL;NOPROD;20000101
20;2;Geslaagd;1;1201;3;19941111;NULL;NULL;30110703;19990101
20;9;Mislukt;1;0;3;19941111;NULL;NULL;30110703;19990101
21;2;GESLAAGD;1;0;0;19981009;NULL;NULL;NOPROD;20000101
21;12;?;1;0;0;20000121;NULL;NULL;NOPROD;20000101
22;2;ANTWOORDBERICHT;1;0;0;19981113;NULL;NULL;NOPROD;20000101
22;9;FOUTBERICHT;1;0;0;19981113;NULL;NULL;NOPROD;20000101
23;2;ANTWOORDBERICHT;1;0;0;19981113;NULL;NULL;NOPROD;20000101
23;9;FOUTBERICHT;1;0;0;19981113;NULL;NULL;NOPROD;20000101
25;2;ANTWOORDBERICHT;1;0;0;19981113;NULL;NULL;NOPROD;20000101
25;9;FOUTBERICHT;1;0;0;19981113;NULL;NULL;NOPROD;20000101
26;2;ANTWOORDBERICHT;1;0;0;19981113;NULL;NULL;NOPROD;20000101
26;9;FOUTBERICHT;1;0;0;19981113;NULL;NULL;NOPROD;20000101
27;7;?;1;0;0;19981113;NULL;NULL;30110703;20030101
27;9;?;1;0;0;19981113;NULL;NULL;30110703;20030101
28;1;Aanvraagbericht;0;0;4;19941111;NULL;NULL;NOPROD;20000101
28;2;Geslaagd;1;0;4;19941111;NULL;NULL;NOPROD;20000101
28;9;Mislukt;1;0;4;19941111;NULL;NULL;NOPROD;20000101
30;1;AANVRAAG BERICHT GEBRUIKER;0;0;14;19950427;NULL;NULL;NOPROD;20040101
30;2;ANTWOORDBERICHT RDW;1;0;14;19950427;NULL;NULL;30110705;19960101
30;9;FOUTBERICHT RDW;1;0;14;19950427;NULL;NULL;30110705;19960101
31;8;Geslaagd;1;0;17;19941111;NULL;NULL;NOPROD;20000101
31;9;Mislukt;1;0;17;19941111;NULL;NULL;NOPROD;20000101
32;8;Geslaagd;1;0;17;19941111;NULL;NULL;NOPROD;20000101
32;9;Mislukt;1;0;17;19941111;NULL;NULL;NOPROD;20000101
33;8;Geslaagd;1;0;17;19941111;NULL;NULL;NOPROD;20000101
33;9;Mislukt;1;0;17;19941111;NULL;NULL;NOPROD;20000101
34;8;Geslaagd;1;0;17;19941111;NULL;NULL;NOPROD;20000101
34;9;Mislukt;1;0;17;19941111;NULL;NULL;NOPROD;20000101
37;8;Geslaagd;1;0;17;19941111;NULL;NULL;NOPROD;20000101
37;9;Mislukt;1;0;17;19941111;NULL;NULL;NOPROD;20000101
38;8;Geslaagd;1;0;17;19941111;NULL;NULL;NOPROD;20000101
38;9;Mislukt;1;0;17;19941111;NULL;NULL;NOPROD;20000101
39;8;Geslaagd;1;0;17;19941111;NULL;NULL;NOPROD;20000101
39;9;Mislukt;1;0;17;19941111;NULL;NULL;NOPROD;20000101
40;8;Geslaagd;1;0;17;19941111;NULL;NULL;NOPROD;20000101
40;9;Mislukt;1;0;17;19941111;NULL;NULL;NOPROD;20000101
41;8;Geslaagd;1;0;17;19941111;NULL;NULL;NOPROD;20000101
41;9;Mislukt;1;0;17;19941111;NULL;NULL;NOPROD;20000101
42;2;Geslaagd;1;0;15;19941111;NULL;NULL;NOPROD;20000101
42;9;Mislukt;1;0;15;19941111;NULL;NULL;NOPROD;20000101
43;2;Geslaagd;1;0;15;19941111;NULL;NULL;NOPROD;20000101
43;7;Meerdere gevonden;1;0;15;19941111;NULL;NULL;NOPROD;20000101
43;9;Mislukt;1;0;15;19941111;NULL;NULL;NOPROD;20000101
44;2;Geslaagd;1;0;16;19941111;NULL;NULL;NOPROD;20000101
44;9;Mislukt;1;0;16;19941111;NULL;NULL;NOPROD;20000101
45;2;Geslaagd;1;0;16;19941111;NULL;NULL;NOPROD;20000101
45;9;Mislukt;1;0;16;19941111;NULL;NULL;NOPROD;20000101
46;2;Geslaagd;1;0;18;19941111;NULL;NULL;NOPROD;20000101
46;9;Mislukt;1;0;18;19941111;NULL;NULL;NOPROD;20000101
47;2;Geslaagd;1;0;19;19941111;NULL;NULL;NOPROD;20000101
47;9;Mislukt;1;0;19;19941111;NULL;NULL;NOPROD;20000101
48;2;Geslaagd;1;0;20;19941111;NULL;NULL;NOPROD;20000101
48;9;Mislukt;1;0;20;19941111;NULL;NULL;NOPROD;20000101
49;2;Geslaagd;1;0;20;19941111;NULL;NULL;NOPROD;20000101
49;9;Mislukt;1;0;20;19941111;NULL;NULL;NOPROD;20000101
51;2;Geslaagd;1;0;16;19941111;NULL;NULL;NOPROD;20000101
51;9;Mislukt;1;0;16;19941111;NULL;NULL;NOPROD;20000101
52;8;Geslaagd;1;0;17;19941111;NULL;NULL;NOPROD;20000101
52;9;Mislukt;1;0;17;19941111;NULL;NULL;NOPROD;20000101
53;8;Geslaagd;1;0;17;19941111;NULL;NULL;NOPROD;20000101
53;9;Mislukt;1;0;17;19941111;NULL;NULL;NOPROD;20000101
54;7;Meerdere gevonden;1;0;9;19941111;NULL;NULL;NOPROD;20000101
54;8;Geslaagd;1;0;9;19941111;NULL;NULL;NOPROD;20000101
54;9;Mislukt;1;0;9;19941111;NULL;NULL;NOPROD;20000101
55;8;Geslaagd;1;0;17;19941111;NULL;NULL;NOPROD;20000101
55;9;Mislukt;1;0;17;19941111;NULL;NULL;NOPROD;20000101
56;8;Geslaagd;1;0;17;19941111;NULL;NULL;NOPROD;20000101
56;9;Mislukt;1;0;17;19941111;NULL;NULL;NOPROD;20000101
57;8;Geslaagd;1;0;17;19941111;NULL;NULL;NOPROD;20000101
57;9;Mislukt;1;0;17;19941111;NULL;NULL;NOPROD;20000101
59;8;Geslaagd;1;0;17;19941111;NULL;NULL;NOPROD;20000101
59;9;Mislukt;1;0;17;19941111;NULL;NULL;NOPROD;20000101
60;7;Meerdere gevonden;1;0;9;19941111;NULL;NULL;NOPROD;20000101
60;8;Geslaagd;1;0;9;19941111;NULL;NULL;NOPROD;20000101
60;9;Mislukt;1;0;9;19941111;NULL;NULL;NOPROD;20000101
61;8;Geslaagd;1;0;17;19941111;NULL;NULL;NOPROD;20000101
61;9;Mislukt;1;0;17;19941111;NULL;NULL;NOPROD;20000101
62;8;Geslaagd;1;0;17;19941111;NULL;NULL;NOPROD;20000101
62;9;Mislukt;1;0;17;19941111;NULL;NULL;NOPROD;20000101
63;8;Geslaagd;1;0;17;19941111;NULL;NULL;NOPROD;20000101
63;9;Mislukt;1;0;17;19941111;NULL;NULL;NOPROD;20000101
64;7;Meerdere gevonden;1;0;9;19941111;NULL;NULL;NOPROD;20000101
64;8;Geslaagd;1;0;9;19941111;NULL;NULL;NOPROD;20000101
64;9;Mislukt;1;0;9;19941111;NULL;NULL;NOPROD;20000101
65;8;Geslaagd;1;0;17;19941111;NULL;NULL;NOPROD;20000101
65;9;Mislukt;1;0;17;19941111;NULL;NULL;NOPROD;20000101
66;8;Geslaagd;1;0;17;19941111;NULL;NULL;NOPROD;20000101
67;1;Aanvraagbericht;0;0;21;19941111;NULL;NULL;NOPROD;20000101
67;8;Geslaagd;1;0;21;19941111;NULL;NULL;NOPROD;20000101
67;9;Mislukt;1;0;21;19941111;NULL;NULL;NOPROD;20000101
68;1;Aanvraagbericht;0;0;21;19941111;NULL;NULL;NOPROD;20000101
68;8;Geslaagd;1;0;21;19941111;NULL;NULL;NOPROD;20000101
68;9;Mislukt;1;0;21;19941111;NULL;NULL;NOPROD;20000101
69;1;Aanvraagbericht;0;0;21;19941111;NULL;NULL;NOPROD;20000101
69;8;Geslaagd;1;0;21;19941111;NULL;NULL;NOPROD;20000101
69;9;Mislukt;1;0;21;19941111;NULL;NULL;NOPROD;20000101
70;1;Aanvraagbericht;0;0;21;19941111;NULL;NULL;NOPROD;20000101
70;8;Geslaagd;1;0;21;19941111;NULL;NULL;NOPROD;20000101
70;9;Mislukt;1;0;21;19941111;NULL;NULL;NOPROD;20000101
71;1;Aanvraagbericht;0;0;21;19941111;NULL;NULL;NOPROD;20000101
71;8;Geslaagd;1;0;21;19941111;NULL;NULL;NOPROD;20000101
71;9;Mislukt;1;0;21;19941111;NULL;NULL;NOPROD;20000101
72;1;Aanvraagbericht;0;0;21;19941111;NULL;NULL;NOPROD;20000101
72;8;Geslaagd;1;0;21;19941111;NULL;NULL;NOPROD;20000101
72;9;Mislukt;1;0;21;19941111;NULL;NULL;NOPROD;20000101
73;1;Aanvraagbericht;0;0;21;19941111;NULL;NULL;NOPROD;20000101
73;8;Geslaagd;1;0;21;19941111;NULL;NULL;NOPROD;20000101
73;9;Mislukt;1;0;21;19941111;NULL;NULL;NOPROD;20000101
74;1;Aanvraagbericht;0;0;23;19941111;NULL;NULL;NOPROD;20000101
74;2;Geslaagd;1;1301;23;19941111;NULL;NULL;30120703;20000101
74;9;FOUTMELDING;1;0;23;19941111;NULL;NULL;30120703;20000101
75;1;Aanvraagbericht;0;0;24;19941111;NULL;NULL;NOPROD;20000101
75;2;Geslaagd;1;1301;24;19941111;NULL;NULL;30120703;19960101
75;9;Mislukt;1;0;24;19941111;NULL;NULL;NOPROD;20000101
76;1;Aanvraagbericht;0;0;22;19941111;NULL;NULL;NOPROD;20000101
76;2;Geslaagd;1;1301;22;19941111;NULL;NULL;30120703;20000101
76;9;FOUTMELDING;1;0;22;19941111;NULL;NULL;30120703;20000101
77;1;Aanvraagbericht;0;0;26;19941111;NULL;NULL;NOPROD;20000101
77;2;?;1;0;0;19981113;NULL;NULL;NOPROD;20000101
77;4;?;1;0;0;19981113;NULL;NULL;NOPROD;20000101
77;8;ANTWOORDBERICHT;1;0;26;19941111;NULL;NULL;30221103;20140101
77;9;Mislukt;1;0;26;19941111;NULL;NULL;NOPROD;20000101
77;17;AFGEWEZEN IVM HANDELSVOORRAAD;1;0;26;19941111;NULL;NULL;NOPROD;20000101
78;1;Aanvraagbericht;0;0;14;19941111;NULL;NULL;NOPROD;20000101
78;2;Geslaagd;1;1203;14;19941111;NULL;NULL;30110704;19960101
78;8;ANTWOORDBERICHT;1;0;0;20000127;NULL;NULL;30110704;19960101
78;9;FOUTMELDING;1;0;14;19941111;NULL;NULL;30110704;19960101
100;7;Geslaagd;1;0;27;19941111;NULL;NULL;30110714;20000621
100;8;ANTWOORDBERICHT;1;0;0;19991217;NULL;NULL;30110714;20000621
100;9;Mislukt;1;0;27;19941111;NULL;NULL;30110714;20000621
101;7;Geslaagd;1;0;27;19941111;NULL;NULL;30110715;20000621
101;8;ANTWOORDBERICHT;1;0;0;19991217;NULL;NULL;30110715;20000621
101;9;Mislukt;1;0;27;19941111;NULL;NULL;30110715;20000621
102;1;Aanvraagbericht;0;0;28;19941111;NULL;NULL;NOPROD;20000101
102;7;Geslaagd;1;0;28;19941111;NULL;NULL;30110717;20030206
102;9;Mislukt;1;0;28;19941111;NULL;NULL;30110717;20030206
104;1;AANVRAAGBERICHT;0;0;25;19960301;NULL;NULL;NOPROD;20000101
104;8;ANTWOORDBERICHT;1;0;25;19960301;NULL;NULL;NOPROD;20000101
104;9;FOUTBERICHT;1;0;25;19960301;NULL;NULL;NOPROD;20000101
105;1;AANVRAAGBERICHT;0;0;25;19960301;NULL;NULL;NOPROD;20000101
105;8;ANTWOORDBERICHT;1;0;25;19960301;NULL;NULL;NOPROD;20000101
105;9;FOUTBERICHT;1;0;25;19960301;NULL;NULL;NOPROD;20000101
106;1;AANVRAAGBERICHT;0;0;25;19960301;NULL;NULL;NOPROD;20000101
106;2;ANTWOORDBERICHT;1;0;25;19960301;NULL;NULL;NOPROD;20000101
106;9;FOUTBERICHT;1;0;25;19960301;NULL;NULL;NOPROD;20000101
108;1;AANBRAAGBERICHT;0;0;8;19970916;NULL;NULL;NOPROD;20000101
108;2;ANTWOORDBERICHT ?;1;0;0;19991217;NULL;NULL;NOPROD;20000101
108;8;GESLAAGD;1;0;8;19970916;NULL;NULL;30150701;19960101
108;9;MISLUKT;1;0;8;19970916;NULL;NULL;NOPROD;20000101
109;1;AANVRAAGBERICHT;0;0;8;19970916;NULL;NULL;NOPROD;20000101
109;8;GESLAAGD;1;0;8;19970916;NULL;NULL;30110703;19960101
109;9;MISLUKT;1;0;8;19970916;NULL;NULL;NOPROD;20000101
110;1;AANVRAAGBERICHT;0;0;8;19970916;NULL;NULL;NOPROD;20000101
110;8;GESLAAGD;1;0;8;19970916;NULL;NULL;30120703;19960101
110;9;MISLUKT;1;0;8;19970916;NULL;NULL;NOPROD;20000101
111;2;ANTWOORDBERICHT BPM-GEGEVENS;1;0;29;19981014;NULL;NULL;NOPROD;20000101
111;8;ANTWOORDBERICHT ?;1;0;0;19991217;NULL;NULL;NOPROD;20000101
111;9;FOUTBERICHT;1;0;29;19981014;NULL;NULL;NOPROD;20000101
114;2;ANTWOORDBERICHT;1;0;0;19991217;NULL;NULL;NOPROD;20000101
114;9;FOUTMELDING;1;0;0;19991217;NULL;NULL;NOPROD;20000101
115;1;AANVRAAGBERICHT;0;0;25;19960301;NULL;NULL;NOPROD;20000101
115;8;ANTWOORDBERICHT;1;0;25;19960301;NULL;NULL;NOPROD;20000101
115;9;FOUTBERICHT;1;0;25;19960301;NULL;NULL;NOPROD;20000101
117;1;AANVRAAGBERICHT;0;0;30;19950703;NULL;NULL;NOPROD;20000101
117;3;LAATSTE BERICHT RDC;1;0;30;19950703;NULL;NULL;NOPROD;20000101
117;8;GESLAAGD;1;0;30;19950703;NULL;NULL;NOPROD;20000101
117;9;MISLUKT;1;0;30;19950703;NULL;NULL;NOPROD;20000101
118;8;ANTWOORDBERICHT;1;0;25;19960301;NULL;NULL;NOPROD;20000101
118;9;FOUTBERICHT;1;0;25;19960301;NULL;NULL;NOPROD;20000101
118;11;AANVRAAGBERICHT;0;0;25;19960301;NULL;NULL;NOPROD;20000101
119;8;ANTWOORDBERICHT;1;0;25;19960301;NULL;NULL;NOPROD;20000101
119;9;FOUTBERICHT;1;0;25;19960301;NULL;NULL;NOPROD;20000101
119;11;AANVRAAGBERICHT;0;0;25;19960301;NULL;NULL;NOPROD;20000101
120;2;GEGEVENS VOLDOEN;1;0;31;19950530;NULL;NULL;NOPROD;20000101
120;9;FOUTIEF AANVRAAGBERICHT;1;0;31;19950530;NULL;NULL;NOPROD;20000101
121;1;INKOMEND;0;0;0;19991217;NULL;NULL;NOPROD;20000101
121;8;ANTWOORDBERICHT;1;0;32;19991021;NULL;NULL;1540;20040101
121;9;FOUTMELDING;1;0;32;19991021;NULL;NULL;NOPROD;20040101
122;1;INKOMEND;0;0;0;19991217;NULL;NULL;NOPROD;20000101
122;8;ANTWOORDBERICHT;1;0;0;20000509;NULL;NULL;1630;20020101
122;9;FOUTMELDING;1;0;0;20010309;NULL;NULL;NOPROD;20040101
122;20;?;1;0;0;20000121;NULL;NULL;NOPROD;20000101
123;1;?;1;0;0;20000121;NULL;NULL;NOPROD;20000101
123;8;ANTWOORDBERICHT;1;0;0;20000509;NULL;NULL;1931;20020101
123;9;FOUTMELDING;1;0;0;20010423;NULL;NULL;NOPROD;20040101
123;20;?;1;0;0;20000121;NULL;NULL;NOPROD;20000101
124;1;?;1;0;0;20000121;NULL;NULL;NOPROD;20000101
124;8;ANTWOORDBERICHT;1;0;0;20000509;NULL;NULL;1930;20020101
124;20;?;1;0;0;20000121;NULL;NULL;NOPROD;20000101
125;1;?;1;0;0;20000121;NULL;NULL;NOPROD;20000101
125;8;ANTWOORDBERICHT;1;0;32;19991021;NULL;NULL;NOPROD;20000101
125;9;FOUTMELDING;1;0;32;19991021;NULL;NULL;NOPROD;20000101
126;1;?;1;0;0;20000121;NULL;NULL;NOPROD;20000101
126;2;ANTWOORDBERICHT ?;1;0;0;19991217;NULL;NULL;NOPROD;20000101
126;9;FOUTMELDING;1;0;0;19991217;NULL;NULL;NOPROD;20000101
127;1;?;1;0;0;20000121;NULL;NULL;NOPROD;20000101
127;8;ANTWOORDBERICHT;1;0;0;20010423;NULL;NULL;NOPROD;20000101
127;9;FOUTMELDING;1;0;0;20010423;NULL;NULL;NOPROD;20000101
128;2;ANTWOORDBERICHT;1;0;25;19960301;NULL;NULL;NOPROD;20000101
128;9;FOUTBERICHT;1;0;25;19960301;NULL;NULL;NOPROD;20000101
128;11;AANVRAAGBERICHT;0;0;25;19960301;NULL;NULL;NOPROD;20000101
129;8;ANTWOORDBERICHT;1;0;25;19960301;NULL;NULL;NOPROD;20000101
129;9;FOUTBERICHT;1;0;25;19960301;NULL;NULL;NOPROD;20000101
129;11;AANVRAAGBERICHT;0;0;25;19960301;NULL;NULL;NOPROD;20000101
130;8;ANTWOORDBERICHT;1;0;25;19960301;NULL;NULL;NOPROD;20000101
130;9;FOUTBERICHT;1;0;25;19960301;NULL;NULL;NOPROD;20000101
130;11;AANVRAAGBERICHT;0;0;25;19960301;NULL;NULL;NOPROD;20000101
131;6;ANTWOORDBERICHT;1;0;0;20000121;NULL;NULL;30214101;20020101
131;8;ANTWOORDBERICHT;1;0;0;20000121;NULL;NULL;30214101;20020101
131;9;FOUTMELDING;1;0;0;20000121;NULL;NULL;NOPROD;20000101
133;1;AANVRAAGBERICHT;0;0;4;19950130;NULL;NULL;NOPROD;20000101
133;2;GESLAAGD;1;1201;4;19950130;NULL;NULL;30110703;19960101
133;9;MISLUKT;1;0;4;19950130;NULL;NULL;30110703;20000228
136;1;AAANVRAAGBERICHT;0;0;44;19970428;NULL;NULL;NOPROD;20000101
136;8;ANTWOORDBERICHT;1;0;44;19970428;NULL;NULL;NOPROD;20000101
136;9;FOUTMELDING;1;0;44;19970428;NULL;NULL;NOPROD;20000101
137;1;AANVRAAGBERICHT;0;0;44;19970428;NULL;NULL;NOPROD;20000101
137;8;ANTWOORDBERICHT;1;0;44;19970428;NULL;NULL;NOPROD;20000101
137;9;FOUTMELDING;1;0;44;19970428;NULL;NULL;NOPROD;20000101
138;1;AANVRAAGBERICHT;0;0;44;19970428;NULL;NULL;NOPROD;20000101
138;8;ANTWOORDBERICHT;1;0;44;19970428;NULL;NULL;NOPROD;20000101
138;9;FOUTMELDING;1;0;44;19970428;NULL;NULL;NOPROD;20000101
139;1;AANVRAAGBERICHT;0;0;44;19970428;NULL;NULL;NOPROD;20000101
139;8;ANTWOORDBERICHT;1;0;44;19970428;NULL;NULL;NOPROD;20000101
139;9;FOUTMELDING;1;0;44;19970428;NULL;NULL;NOPROD;20000101
140;1;AANVRAAGBERICHT;0;0;44;19970428;NULL;NULL;NOPROD;20000101
140;8;ANTWOORDBERICHT;1;0;44;19970428;NULL;NULL;NOPROD;20000101
140;9;FOUTMELDING;1;0;44;19970428;NULL;NULL;NOPROD;20000101
141;1;AANVRAAGBERICHT;0;0;44;19970428;NULL;NULL;NOPROD;20000101
141;8;ANTWOORDBERICHT;1;0;44;19970428;NULL;NULL;NOPROD;20000101
141;9;FOUTMELDING;1;0;44;19970428;NULL;NULL;NOPROD;20000101
142;1;AANVRAAGBERICHT;0;0;44;19970428;NULL;NULL;NOPROD;20000101
142;8;ANTWOORDBERICHT;1;0;44;19970428;NULL;NULL;NOPROD;20000101
142;9;FOUTMELDING;1;0;44;19970428;NULL;NULL;NOPROD;20000101
143;1;AANVRAAGBERICHT;0;0;44;19970428;NULL;NULL;NOPROD;20000101
143;8;ANTWOORDBERICHT;1;0;44;19970428;NULL;NULL;NOPROD;20000101
143;9;FOUTMELDING;1;0;44;19970428;NULL;NULL;NOPROD;20000101
144;1;AANVRAAGBERICHT;0;0;44;19970428;NULL;NULL;NOPROD;20000101
144;8;ANTWOORDBERICHT;1;0;44;19970428;NULL;NULL;NOPROD;20000101
144;9;FOUTMELDING;1;0;44;19970428;NULL;NULL;NOPROD;20000101
145;1;AANVRAAGBERICHT;0;0;44;19970428;NULL;NULL;NOPROD;20000101
145;8;ANTWOORDBERICHT;1;0;44;19970428;NULL;NULL;NOPROD;20000101
145;9;FOUTMELDING;1;0;44;19970428;NULL;NULL;NOPROD;20000101
146;1;AANVRAAGBERICHT;0;0;44;19970428;NULL;NULL;NOPROD;20000101
146;8;ANTWOORDBERICHT;1;0;44;19970428;NULL;NULL;NOPROD;20000101
146;9;FOUTMELDING;1;0;44;19970428;NULL;NULL;NOPROD;20000101
147;1;AANVRAAGBERICHT;0;0;44;19970428;NULL;NULL;NOPROD;20000101
147;8;ANTWOORDBERICHT;1;0;44;19970428;NULL;NULL;NOPROD;20000101
147;9;FOUTMELDING;1;0;44;19970428;NULL;NULL;NOPROD;20000101
148;1;AANVRAAGBERICHT;0;0;44;19970428;NULL;NULL;NOPROD;20000101
148;8;ANTWOORDBERICHT;1;0;44;19970428;NULL;NULL;NOPROD;20000101
148;9;FOUTMELDING;1;0;44;19970428;NULL;NULL;NOPROD;20000101
149;1;AANVRAAGBERICHT;0;0;44;19970428;NULL;NULL;NOPROD;20000101
149;8;ANTWOORDBERICHT;1;0;44;19970428;NULL;NULL;NOPROD;20000101
149;9;FOUTMELDING;1;0;44;19970428;NULL;NULL;NOPROD;20000101
150;1;AANVRAAGBERICHT;0;0;44;19970428;NULL;NULL;NOPROD;20000101
150;8;ANTWOORDBERICHT;1;0;44;19970428;NULL;NULL;NOPROD;20000101
150;9;FOUTMELDING;1;0;44;19970428;NULL;NULL;NOPROD;20000101
151;1;AANVRAAGBERICHT;0;0;44;19970428;NULL;NULL;NOPROD;20000101
151;8;ANTWOORDBERICHT;1;0;44;19970428;NULL;NULL;NOPROD;20000101
151;9;FOUTMELDING;1;0;44;19970428;NULL;NULL;NOPROD;20000101
152;1;AANVRAAGBERICHT;0;0;44;19970428;NULL;NULL;NOPROD;20000101
152;8;ANTWOORDBERICHT;1;0;44;19970428;NULL;NULL;NOPROD;20000101
152;9;FOUTMELDING;1;0;44;19970428;NULL;NULL;NOPROD;20000101
153;1;AANVRAAGBERICHT;0;0;44;19970428;NULL;NULL;NOPROD;20000101
153;8;ANTWOORDBERICHT;1;0;44;19970428;NULL;NULL;NOPROD;20000101
153;9;FOUTMELDING;1;0;44;19970428;NULL;NULL;NOPROD;20000101
154;1;AANVRAAGBERICHT;0;0;44;19970428;NULL;NULL;NOPROD;20000101
154;8;ANTWOORDBERICHT;1;0;44;19970428;NULL;NULL;NOPROD;20000101
154;9;FOUTMELDING;1;0;44;19970428;NULL;NULL;NOPROD;20000101
155;1;AANVRAAGBERICHT;0;0;44;19970428;NULL;NULL;NOPROD;20000101
155;8;ANTWOORDBERICHT;1;0;44;19970428;NULL;NULL;NOPROD;20000101
155;9;FOUTMELDING;1;0;44;19970428;NULL;NULL;NOPROD;20000101
158;8;ANTWOORDBERICHT;1;0;48;19970428;NULL;NULL;30450101;20000228
158;9;FOUTMELDING;1;0;48;19970428;NULL;NULL;30450101;20000228
159;2;AANVRAAGBERICHT;0;0;48;19970428;NULL;NULL;NOPROD;20000101
159;8;ANTWOORDBERICHT;1;0;48;19970428;NULL;NULL;30450101;20000228
159;9;FOUTMELDING;1;0;48;19970428;NULL;NULL;30450101;20000228
160;1;AANVRAAGBERICHT;0;0;48;19970428;NULL;NULL;NOPROD;20000101
160;8;ANTWOORDBERICHT;1;0;48;19970428;NULL;NULL;NOPROD;20000101
160;9;FOUTMELDING;1;0;48;19970428;NULL;NULL;NOPROD;20000101
161;1;AANVRAAGBERICHT;0;0;48;19970428;NULL;NULL;NOPROD;20000101
161;8;ANTWOORDBERICHT;1;0;48;19970428;NULL;NULL;NOPROD;20000101
161;9;FOUTMELDING;1;0;48;19970428;NULL;NULL;NOPROD;20000101
162;2;AANVRAAGBERICHT;0;0;48;19970428;NULL;NULL;NOPROD;20000101
162;8;ANTWOORDBERICHT;1;0;48;19970428;NULL;NULL;NOPROD;20000101
162;9;FOUTMELDING;1;0;48;19970428;NULL;NULL;NOPROD;20000101
163;1;AANVRAAGBERICHT;0;0;0;19990412;NULL;NULL;NOPROD;20000101
163;7;ONGELDIGE RIJBEWIJZEN;1;0;0;19990412;NULL;NULL;NOPROD;20000101
163;8;TOTAAL AANTAL GEVERIFIEERD;1;0;0;19990412;NULL;NULL;NOPROD;20000101
163;9;FOUTBERICHT;1;0;0;19990412;NULL;NULL;NOPROD;20000101
165;8;ANTWOORDBERICHT;1;0;43;19970428;NULL;NULL;30440101;20000101
165;9;FOUTMELDING;1;0;43;19970428;NULL;NULL;30440101;20000101
166;8;ANTWOORDBERICHT;1;0;43;19970428;NULL;NULL;30440101;20000101
166;9;FOUTMELDING;1;0;43;19970428;NULL;NULL;30440101;20000101
167;8;ANTWOORDBERICHT;1;0;43;19970429;NULL;NULL;30440101;20000101
167;9;FOUTMELDING;1;0;43;19970429;NULL;NULL;30440101;20000101
168;8;ANTWOORDBERICHT;1;0;43;19970429;NULL;NULL;30440101;20000101
168;9;FOUTMELDING;1;0;43;19970429;NULL;NULL;30440101;20000101
169;8;ANTWOORDBERICHT;1;0;43;19970429;NULL;NULL;30440101;20000101
169;9;FOUTMELDING;1;0;43;19970429;NULL;NULL;30440101;20000101
170;8;ANTWOORDBERICHT;1;0;43;19970429;NULL;NULL;30440101;20000101
170;9;FOUTMELDING;1;0;43;19970429;NULL;NULL;30440101;20000101
171;8;ANTWOORDBERICHT;1;0;43;19970429;NULL;NULL;30440101;20000101
171;9;FOUTMELDING;1;0;43;19970429;NULL;NULL;30440101;20000101
172;8;ANTWOORDBERICHT;1;0;43;19970429;NULL;NULL;30440101;20000101
172;9;FOUTMELDING;1;0;43;19970429;NULL;NULL;30440101;20000101
173;8;ANTWOORDBERICHT;1;0;43;19970429;NULL;NULL;30440101;20000101
173;9;FOUTMELDING;1;0;43;19970429;NULL;NULL;30440101;20000101
174;8;ANTWOORDBERICHT;1;0;43;19970429;NULL;NULL;NOPROD;20000101
174;9;FOUTMELDING;1;0;43;19970429;NULL;NULL;NOPROD;20000101
175;8;ANTWOORDBERICHT;1;0;43;19970429;NULL;NULL;30440101;20000101
175;9;FOUTMELDING;1;0;43;19970429;NULL;NULL;30440101;20000101
176;8;ANTWOORDBERICHT;1;0;43;19970429;NULL;NULL;30440101;20000101
176;9;FOUTMELDING;1;0;43;19970429;NULL;NULL;30440101;20000101
177;1;AANVRAAGBERICHT;0;0;43;19970429;NULL;NULL;NOPROD;20000101
177;8;ANTWOORDBERICHT;1;0;43;19970429;NULL;NULL;NOPROD;20000101
177;9;FOUTMELDING;1;0;43;19970429;NULL;NULL;NOPROD;20000101
178;1;AANVRAAGBERICHT;0;0;43;19970429;NULL;NULL;NOPROD;20000101
178;8;ANTWOORDBERICHT;1;0;43;19970429;NULL;NULL;NOPROD;20000101
178;9;FOUTMELDING;1;0;43;19970429;NULL;NULL;NOPROD;20000101
179;1;AANVRAAGBERICHT;0;0;43;19970429;NULL;NULL;NOPROD;20000101
179;8;ANTWOORDBERICHT;1;0;43;19970429;NULL;NULL;NOPROD;20000101
179;9;FOUTMELDING;1;0;43;19970429;NULL;NULL;NOPROD;20000101
180;8;ANTWOORDBERICHT;1;0;43;19970429;NULL;NULL;NOPROD;20000101
180;9;FOUTMELDING;1;0;43;19970429;NULL;NULL;NOPROD;20000101
181;1;AANVRAAGBERICHT;0;0;43;19970429;NULL;NULL;NOPROD;20000101
181;8;ANTWOORDBERICHT;1;0;43;19970429;NULL;NULL;NOPROD;20000101
181;9;FOUTMELDING;1;0;43;19970429;NULL;NULL;NOPROD;20000101
182;1;AANVRAAGBERICHT;0;0;43;19970429;NULL;NULL;NOPROD;20000101
182;8;ANTWOORDBERICHT;1;0;43;19970429;NULL;NULL;NOPROD;20000101
182;9;FOUTMELDING;1;0;43;19970429;NULL;NULL;NOPROD;20000101
183;1;AANVRAAGBERICHT;0;0;43;19970429;NULL;NULL;NOPROD;20000101
183;8;ANTWOORDBERICHT;1;0;43;19970429;NULL;NULL;NOPROD;20000101
183;9;FOUTMELDING;1;0;43;19970429;NULL;NULL;NOPROD;20000101
184;1;AANVRAAG OP RIJBEWIJS NUMMER;0;0;0;19960520;NULL;NULL;NOPROD;20000101
184;2;OPVRAGEN VAN MAATREGELEN;0;0;0;19960520;NULL;NULL;NOPROD;20000101
184;7;TERUG MELDING PERSOONSGEGEVENS;1;0;0;19960520;NULL;NULL;NOPROD;20000101
184;8;TERUG MELDING PERSOONSGEGEVENS;1;0;0;19960520;NULL;NULL;NOPROD;20000101
184;9;FOUTMELDING;1;0;0;19960520;NULL;NULL;NOPROD;20000101
185;1;AANVRAAG RIJBW GEG OP NAAM;0;0;0;19960520;NULL;NULL;NOPROD;20000101
185;8;TERUGMELDING RIJBEWIJS GEGEVEN;1;0;0;19960520;NULL;NULL;NOPROD;20000101
185;9;FOUTMELDING;1;0;0;19960520;NULL;NULL;NOPROD;20000101
186;1;ZOEKEN OP PERSOONS SLEUTEL;0;0;0;19960520;NULL;NULL;NOPROD;20000101
186;2;OPVRAGEN MAATREGELEN;0;0;0;19960520;NULL;NULL;NOPROD;20000101
186;7;TERUG MELDING VAN MAATREGELEN;1;0;0;19960520;NULL;NULL;NOPROD;20000101
186;8;TERUGMELDING ADHV PERSOONSL;1;0;0;19960520;NULL;NULL;NOPROD;20000101
186;9;FOUTMELDING;1;0;0;19960520;NULL;NULL;NOPROD;20000101
187;1;ZOEKEN OP GBA-NUMMER;0;0;45;19970429;NULL;NULL;NOPROD;20000101
187;2;OPVRAGEN MAATREGELEN;0;0;45;19970429;NULL;NULL;NOPROD;20000101
187;7;TERUG MELDING MAATREGELEN;1;0;45;19970429;NULL;NULL;NOPROD;20000101
187;8;TERUG MELDING ADHV PERSOONSL;1;0;45;19970429;NULL;NULL;NOPROD;20000101
187;9;FOUTMELDING;1;0;45;19970429;NULL;NULL;NOPROD;20000101
188;1;ZOEKEN OP RIJBEWIJSNR/LANDCODE;0;0;45;19970429;NULL;NULL;NOPROD;20000101
188;2;OPVRAGEN MAATREGELEN;0;0;45;19970429;NULL;NULL;NOPROD;20000101
188;7;TERUG MELDING MAATREGELEN;1;0;45;19970429;NULL;NULL;NOPROD;20000101
188;8;TERUG MELDING PERSOONSGEGEVENS;1;0;45;19970429;NULL;NULL;NOPROD;20000101
188;9;FOUTMELDING;1;0;45;19970429;NULL;NULL;NOPROD;20000101
189;1;AANVRAAGBERICHT;0;0;46;19970429;NULL;NULL;NOPROD;20000101
189;8;ANTWOORDBERICHT;1;0;46;19970429;NULL;NULL;NOPROD;20000101
189;9;FOUTMELDING;1;0;46;19970429;NULL;NULL;NOPROD;20000101
190;1;AANVRAAGBERICHT;0;0;47;19970429;NULL;NULL;NOPROD;20000101
190;8;ANTWOORDBERICHT;1;0;47;19970429;NULL;NULL;NOPROD;20000101
190;9;FOUTMELDING;1;0;47;19970429;NULL;NULL;NOPROD;20000101
191;1;AANVRAAGBERICHT;0;0;46;19970429;NULL;NULL;NOPROD;20000101
191;8;ANTWOORDBERICHT;1;0;46;19970429;NULL;NULL;NOPROD;20000101
191;9;FOUTMELDING;1;0;46;19970429;NULL;NULL;NOPROD;20000101
192;1;AANVRAAGBERICHT;0;0;48;19970501;NULL;NULL;NOPROD;20000101
192;8;ANTWOORDBERICHT;1;0;48;19970501;NULL;NULL;NOPROD;20000101
192;9;FOUTMELDING;1;0;48;19970501;NULL;NULL;NOPROD;20000101
193;1;AANVRAAGBERICHT;0;0;42;19970501;NULL;NULL;NOPROD;20000101
193;8;ANTWOORDBERICHT;1;0;42;19970501;NULL;NULL;NOPROD;20000101
193;9;FOUTMELDING;1;0;42;19970501;NULL;NULL;NOPROD;20000101
197;1;AANVRAAGBERICHT;0;0;46;19970501;NULL;NULL;NOPROD;20000101
197;8;ANTWOORDBERICHT;1;0;46;19970501;NULL;NULL;NOPROD;20000101
197;9;FOUTMELDING;1;0;46;19970501;NULL;NULL;NOPROD;20000101
198;1;AANVRAAGBERICHT;0;0;47;19970501;NULL;NULL;NOPROD;20000101
198;8;ANTWOORDBERICHT;1;0;47;19970501;NULL;NULL;NOPROD;20000101
198;9;FOUTMELDING;1;0;47;19970501;NULL;NULL;NOPROD;20000101
199;1;AANVRAAGBERICHT;0;0;46;19970501;NULL;NULL;NOPROD;20000101
199;8;ANTWOORDBERICHT;1;0;46;19970501;NULL;NULL;NOPROD;20000101
199;9;FOUTMELDING;1;0;46;19970501;NULL;NULL;NOPROD;20000101
200;1;AANVRAAGBERICHT;1;0;47;19970501;NULL;NULL;NOPROD;20000101
200;8;ANTWOORDBERICHT;1;0;47;19970501;NULL;NULL;NOPROD;20000101
200;9;FOUTMELDING;1;0;47;19970501;NULL;NULL;NOPROD;20000101
201;1;AANVRAAGBERICHT;0;0;4;19950317;NULL;NULL;NOPROD;20000101
201;2;GESLAAGD;1;0;4;19950317;NULL;NULL;30110703;19960101
201;9;MISLUKT;1;0;4;19950317;NULL;NULL;30110703;20000228
202;1;AANVRAAGBERICHT;0;0;44;19970501;NULL;NULL;NOPROD;20000101
202;8;ANTWOORDBERICHT;1;0;44;19970501;NULL;NULL;NOPROD;20000101
202;9;FOUTMELDING;1;0;44;19970501;NULL;NULL;NOPROD;20000101
203;1;AANVRAAGBERICHT;0;0;44;19970501;NULL;NULL;NOPROD;20000101
203;8;ANTWOORDBERICHT;1;0;44;19970501;NULL;NULL;NOPROD;20000101
203;9;FOUTMELDING;1;0;44;19970501;NULL;NULL;NOPROD;20000101
204;1;AANVRAAGBERICHT;0;0;44;19970501;NULL;NULL;NOPROD;20000101
204;8;ANTWOORDBERICHT;1;0;44;19970501;NULL;NULL;NOPROD;20000101
204;9;FOUTMELDING;1;0;44;19970501;NULL;NULL;NOPROD;20000101
205;1;AANVRAAGBERICHT;0;0;44;19970501;NULL;NULL;NOPROD;20000101
205;8;ANTWOORDBERICHT;1;0;44;19970501;NULL;NULL;NOPROD;20000101
205;9;FOUTMELDING;1;0;44;19970501;NULL;NULL;NOPROD;20000101
206;1;AANVRAAGBERICHT;0;0;44;19970501;NULL;NULL;NOPROD;20000101
206;8;ANTWOORDBERICHT;1;0;44;19970501;NULL;NULL;NOPROD;20000101
206;9;FOUTMELDING;1;0;44;19970501;NULL;NULL;NOPROD;20000101
207;1;AANVRAAGBERICHT;0;0;44;19970501;NULL;NULL;NOPROD;20000101
207;8;ANTWOORDBERICHT;1;0;4;19970501;NULL;NULL;NOPROD;20000101
207;9;FOUTMELDING;1;0;44;19970501;NULL;NULL;NOPROD;20000101
208;1;AANVRAAGBERICHT;0;0;44;19970501;NULL;NULL;NOPROD;20000101
208;8;ANTWOORDBERICHT;1;0;44;19970501;NULL;NULL;NOPROD;20000101
208;9;FOUTMELDING;1;0;44;19970501;NULL;NULL;NOPROD;20000101
209;1;AANVRAAGBERICHT;0;0;44;19970501;NULL;NULL;NOPROD;20000101
209;8;ANTWOORDBERICHT;1;0;44;19970501;NULL;NULL;NOPROD;20000101
209;9;FOUTMELDING;1;0;44;19970501;NULL;NULL;NOPROD;20000101
210;1;AANVRAAGBERICHT;0;0;44;19970501;NULL;NULL;NOPROD;20000101
210;8;ANTWOORDBERICHT;1;0;44;19970501;NULL;NULL;NOPROD;20000101
210;9;FOUTMELDING;1;0;44;19970501;NULL;NULL;NOPROD;20000101
211;1;AANVRAAGBERICHT;0;0;44;19970501;NULL;NULL;NOPROD;20000101
211;8;ANTWOORDBERICHT;1;0;44;19970501;NULL;NULL;NOPROD;20000101
211;9;FOUTMELDING;1;0;44;19970501;NULL;NULL;NOPROD;20000101
212;1;AANVRAAGBERICHT;0;0;44;19970501;NULL;NULL;NOPROD;20000101
212;8;ANTWOORDBERICHT;1;0;44;19970501;NULL;NULL;NOPROD;20000101
212;9;FOUTMELDING;1;0;44;19970501;NULL;NULL;NOPROD;20000101
218;8;GOED BERICHT;1;0;0;19950629;NULL;NULL;NOPROD;20000101
218;9;FOUT BERICHT;1;0;0;19950629;NULL;NULL;NOPROD;20000101
219;1;AANVRAAG BERICHT;0;0;0;19950629;NULL;NULL;NOPROD;20000101
219;8;GOED BERICHT;1;0;0;19950629;NULL;NULL;NOPROD;20000101
219;9;FOUT BERICHT;1;0;0;19950629;NULL;NULL;NOPROD;20000101
220;1;AANVRAAG BERICHT;0;0;0;19950629;NULL;NULL;NOPROD;20000101
220;8;GOED BERICHT;1;0;0;19950629;NULL;NULL;NOPROD;20000101
220;9;FOUT BERICHT;1;0;0;19950629;NULL;NULL;NOPROD;20000101
221;1;AANVRAAG;0;0;0;19950629;NULL;NULL;NOPROD;20000101
221;8;GOED;1;0;0;19950629;NULL;NULL;NOPROD;20000101
221;9;FOUT;1;0;0;19950629;NULL;NULL;NOPROD;20000101
222;1;AANVRAAG;0;0;0;19950629;NULL;NULL;NOPROD;20000101
222;8;GOED;1;0;0;19950629;NULL;NULL;NOPROD;20000101
222;9;FOUT;1;0;0;19950629;NULL;NULL;NOPROD;20000101
223;1;AANVRAAG;0;0;0;19950629;NULL;NULL;NOPROD;20000101
223;8;GOED;1;0;0;19950629;NULL;NULL;NOPROD;20000101
223;9;FOUT;1;0;0;19950629;NULL;NULL;NOPROD;20000101
224;1;AANVRAAG;0;0;0;19950629;NULL;NULL;NOPROD;20000101
224;8;GOED;1;0;0;19950629;NULL;NULL;NOPROD;20000101
224;9;FOUT;1;0;0;19950629;NULL;NULL;NOPROD;20000101
225;1;AANVRAAG;0;0;0;19950629;NULL;NULL;NOPROD;20000101
225;8;GOED;1;0;0;19950629;NULL;NULL;NOPROD;20000101
225;9;FOUT;1;0;0;19950629;NULL;NULL;NOPROD;20000101
226;1;AANVRAAG;0;0;0;19950629;NULL;NULL;NOPROD;20000101
226;8;GOED;1;0;0;19950629;NULL;NULL;NOPROD;20000101
226;9;FOUT;1;0;0;19950629;NULL;NULL;NOPROD;20000101
227;1;AANVRAAG;0;0;0;19950629;NULL;NULL;NOPROD;20000101
227;8;GOED;1;0;0;19950629;NULL;NULL;NOPROD;20000101
227;9;FOUT;1;0;0;19950629;NULL;NULL;NOPROD;20000101
238;2;GOEDBERICHT;1;0;51;19950517;NULL;NULL;NOPROD;20000101
238;9;FOUTBERICHT;1;0;51;19950517;NULL;NULL;NOPROD;20000101
239;1;AANVRAAG;0;0;0;19950629;NULL;NULL;NOPROD;20000101
239;8;GOED;1;0;0;19950629;NULL;NULL;NOPROD;20000101
239;9;FOUT;1;0;0;19950629;NULL;NULL;NOPROD;20000101
240;8;GOED;1;0;0;19950629;NULL;NULL;NOPROD;20000101
240;9;FOUT;1;0;0;19950629;NULL;NULL;NOPROD;20000101
241;8;GOED;1;0;0;19950629;NULL;NULL;NOPROD;20000101
241;9;FOUT;1;0;0;19950629;NULL;NULL;NOPROD;20000101
242;1;AANVRAAG;0;0;0;19950629;NULL;NULL;NOPROD;20000101
242;8;GOED;1;0;0;19950629;NULL;NULL;NOPROD;20000101
242;9;FOUT;1;0;0;19950629;NULL;NULL;NOPROD;20000101
243;1;AANVRAAG;0;0;0;19950629;NULL;NULL;NOPROD;20000101
243;8;GOED;1;0;0;19950629;NULL;NULL;NOPROD;20000101
243;9;FOUT;1;0;0;19950629;NULL;NULL;NOPROD;20000101
244;1;AANVRAAG;0;0;0;19950629;NULL;NULL;NOPROD;20000101
244;8;GOED;1;0;0;19950629;NULL;NULL;NOPROD;20000101
244;9;FOUT;1;0;0;19950629;NULL;NULL;NOPROD;20000101
245;1;AANVRAAG;0;0;0;19950629;NULL;NULL;NOPROD;20000101
245;8;GOED;1;0;0;19950629;NULL;NULL;NOPROD;20000101
245;9;FOUT;1;0;0;19950629;NULL;NULL;NOPROD;20000101
246;1;AANVRAAG;0;0;0;19950629;NULL;NULL;NOPROD;20000101
246;8;GOED;1;0;0;19950629;NULL;NULL;NOPROD;20000101
246;9;FOUT;1;0;0;19950629;NULL;NULL;NOPROD;20000101
247;1;AANVRAAG;0;0;0;19950629;NULL;NULL;NOPROD;20000101
247;8;GOED;1;0;0;19950629;NULL;NULL;NOPROD;20000101
247;9;FOUT;1;0;0;19950629;NULL;NULL;NOPROD;20000101
248;1;AANVRAAG;0;0;0;19950629;NULL;NULL;NOPROD;20000101
248;8;GOED;1;0;0;19950629;NULL;NULL;NOPROD;20000101
248;9;FOUT;1;0;0;19950629;NULL;NULL;NOPROD;20000101
249;1;AANVRAAG;0;0;0;19950629;NULL;NULL;NOPROD;20000101
249;8;GOED;1;0;0;19950629;NULL;NULL;NOPROD;20000101
249;9;FOUT;1;0;0;19950629;NULL;NULL;NOPROD;20000101
250;1;AANVRAAG;0;0;0;19950629;NULL;NULL;NOPROD;20000101
250;8;GOEG;1;0;0;19950629;NULL;NULL;NOPROD;20000101
250;9;FOUT;1;0;0;19950629;NULL;NULL;NOPROD;20000101
251;1;AANVRAAG;0;0;0;19950629;NULL;NULL;NOPROD;20000101
251;8;GOED;1;0;0;19950629;NULL;NULL;NOPROD;20000101
251;9;FOUT;1;0;0;19950629;NULL;NULL;NOPROD;20000101
252;1;AANVRAAGBERICHT;0;0;45;19970501;NULL;NULL;NOPROD;20000101
252;7;?;1;0;0;20010426;NULL;NULL;NOPROD;20000101
252;8;ANTWOORDBERICHT;1;0;45;19970501;NULL;NULL;30110716;20000621
252;9;FOUTMELDING;1;0;45;19970501;NULL;NULL;30110716;20000621
253;1;?;1;0;0;20000121;NULL;NULL;NOPROD;20000101
253;8;ANTWOORDBERICHT;1;0;32;19991021;NULL;NULL;1550;20040101
253;9;FOUTMELDING;1;0;32;19991021;NULL;NULL;NOPROD;20000101
259;1;AANVRAAGBERICHT;0;0;45;19970501;NULL;NULL;NOPROD;20000101
259;8;ANTWOORDBERICHT;1;0;45;19970501;NULL;NULL;NOPROD;20000101
259;9;FOUTMELDING;1;0;45;19970501;NULL;NULL;NOPROD;20000101
260;2;GOED BERICHT TERUG;1;0;52;19950530;NULL;NULL;NOPROD;20000101
260;9;FOUTIEF AANVRAAG BERICHT;1;0;52;19950530;NULL;NULL;NOPROD;20000101
261;1;AANVRAAGBERICHT;0;0;44;19970501;NULL;NULL;NOPROD;20000101
261;8;ANTWOORDBERICHT;1;0;44;19970501;NULL;NULL;NOPROD;20000101
261;9;FOUTMELDING;1;0;44;19970501;NULL;NULL;NOPROD;20000101
262;1;AANVRAAGBERICHT;0;0;44;19970501;NULL;NULL;NOPROD;20000101
262;2;?;1;0;0;20000121;NULL;NULL;NOPROD;20000101
262;8;ANTWOORDBERICHT;1;0;44;19970501;NULL;NULL;NOPROD;20000101
262;9;FOUTMELDING;1;0;44;19970501;NULL;NULL;NOPROD;20000101
263;1;AANVRAAGBERICHT;0;0;44;19970501;NULL;NULL;NOPROD;20000101
263;8;ANTWOORDBERICHT;1;0;44;19970501;NULL;NULL;NOPROD;20000101
263;9;FOUTMELDING;1;0;44;19970501;NULL;NULL;NOPROD;20000101
264;1;AANVRAAGBERICHT;0;0;44;19970501;NULL;NULL;NOPROD;20000101
264;2;SIGNALERING;1;0;44;19970501;NULL;NULL;NOPROD;20000101
264;3;AANVRAAGBERICHT NA SIGNALERING;0;0;44;19970501;NULL;NULL;NOPROD;20000101
264;8;ANTWOORDBERICHT;1;0;44;19970501;NULL;NULL;NOPROD;20000101
264;9;FOUTMELDING;1;0;44;19970501;NULL;NULL;NOPROD;20000101
265;1;AANVRAAGBERICHT;0;0;44;19970501;NULL;NULL;NOPROD;20000101
265;2;SIGNALERING;1;0;44;19970501;NULL;NULL;NOPROD;20000101
265;3;AANVRAAGBERICHT NA SIGNALERING;0;0;44;19970501;NULL;NULL;NOPROD;20000101
265;8;ANTWOORDBERICHT;1;0;44;19970501;NULL;NULL;NOPROD;20000101
265;9;FOUTMELDING;1;0;44;19970501;NULL;NULL;NOPROD;20000101
266;1;AANVRAAGBERICHT;0;0;44;19970501;NULL;NULL;NOPROD;20000101
266;8;ANTWOORDBERICHT;1;0;44;19970501;NULL;NULL;NOPROD;20000101
266;9;FOUTMELDING;1;0;44;19970501;NULL;NULL;NOPROD;20000101
267;1;AANVRAAGBERICHT;0;0;44;19970501;NULL;NULL;NOPROD;20000101
267;8;ANTWOORDBERICHT;1;0;44;19970501;NULL;NULL;NOPROD;20000101
267;9;FOUTMELDING;1;0;44;19970501;NULL;NULL;NOPROD;20000101
268;1;AANVRAAGBERICHT;0;0;44;19970501;NULL;NULL;NOPROD;20000101
268;8;ANTWOORDBERICHT;1;0;44;19970501;NULL;NULL;NOPROD;20000101
268;9;FOUTMELDING;1;0;44;19970501;NULL;NULL;NOPROD;20000101
269;1;AANVRAAGBERICHT;0;0;44;19970501;NULL;NULL;NOPROD;20000101
269;8;ANTWOORDBERICHT;1;0;44;19970501;NULL;NULL;NOPROD;20000101
269;9;FOUTMELDING;1;0;44;19970501;NULL;NULL;NOPROD;20000101
270;1;AANVRAAGBERICHT;0;0;44;19970501;NULL;NULL;NOPROD;20000101
270;8;ANTWOORDBERICHT;1;0;44;19970501;NULL;NULL;NOPROD;20000101
270;9;FOUTMELDING;1;0;44;19970501;NULL;NULL;NOPROD;20000101
271;1;AANVRAAGBERICHT;0;0;44;19970501;NULL;NULL;NOPROD;20000101
271;8;ANTWOORDBERICHT;1;0;44;19970501;NULL;NULL;NOPROD;20000101
271;9;FOUTMELDING;1;0;44;19970501;NULL;NULL;NOPROD;20000101
272;1;AANVRAAGBERICHT;0;0;44;19970501;NULL;NULL;NOPROD;20000101
272;8;ANTWOORDBERICHT;1;0;44;19970501;NULL;NULL;NOPROD;20000101
272;9;FOUTMELDING;1;0;44;19970501;NULL;NULL;NOPROD;20000101
273;1;AANVRAAGBERICHT;0;0;44;19970501;NULL;NULL;NOPROD;20000101
273;8;ANTWOORDBERICHT;1;0;44;19970501;NULL;NULL;NOPROD;20000101
273;9;FOUTMELDING;1;0;44;19970501;NULL;NULL;NOPROD;20000101
275;1;AANVRAAGBERICHT NIEUW PERSOON;0;0;44;19970501;NULL;NULL;NOPROD;20000101
275;2;AANVRAAGBER. BESTAAND PERSOON;0;0;44;19970501;NULL;NULL;NOPROD;20000101
275;8;ANTWOORDBERICHT;1;0;44;19970501;NULL;NULL;NOPROD;20000101
275;9;FOUTMELDING;1;0;44;19970501;NULL;NULL;NOPROD;20000101
276;1;AANVRAAGBERICHT NIEUW PERSOON;0;0;44;19970501;NULL;NULL;NOPROD;20000101
276;2;AANVRAAGBER. BESTAAND PERSOON;0;0;44;19970501;NULL;NULL;NOPROD;20000101
276;8;ANTWOORDBERICHT;1;0;44;19970501;NULL;NULL;NOPROD;20000101
276;9;FOUTMELDING;1;0;44;19970501;NULL;NULL;NOPROD;20000101
278;1;AANVRAAGBERICHT KOMPLEET;0;0;44;19970501;NULL;NULL;NOPROD;20000101
278;2;AANVRAAGBER. PERSOONSGEGEVES;0;0;44;19970501;NULL;NULL;NOPROD;20000101
278;3;AANVRAAGBER. MAATREGELEN;0;0;44;19970501;NULL;NULL;NOPROD;20000101
278;4;AANVRAAGBER. RIJBEWIJSGEGEVENS;0;0;44;19970501;NULL;NULL;NOPROD;20000101
278;8;ANTWOORDBERICHT;1;0;44;19970501;NULL;NULL;NOPROD;20000101
278;9;FOUTMELDING;1;0;44;19970501;NULL;NULL;NOPROD;20000101
279;1;AANVRAAGBERICHT KOMPLEET;0;0;44;19970501;NULL;NULL;NOPROD;20000101
279;2;AANVRAAGBER. PERSOONSGEGEVENS;0;0;44;19970501;NULL;NULL;NOPROD;20000101
279;3;AANVRAAGBER. MAATREGELEN;0;0;44;19970501;NULL;NULL;NOPROD;20000101
279;4;AANVRAAGBER. BUITENL. RYBEWYS;0;0;44;19970501;NULL;NULL;NOPROD;20000101
279;8;ANTWOORDBERICHT;1;0;44;19970501;NULL;NULL;NOPROD;20000101
279;9;FOUTMELDING;1;0;44;19970501;NULL;NULL;NOPROD;20000101
281;1;AANVRAAGBERICHT;0;0;44;19970501;NULL;NULL;NOPROD;20000101
281;8;ANTWOORDBERICHT;1;0;44;19970501;NULL;NULL;NOPROD;20000101
281;9;FOUTMELDING;1;0;44;19970501;NULL;NULL;NOPROD;20000101
282;1;AANVRAAGBERICHT;0;0;44;19970501;NULL;NULL;NOPROD;20000101
282;8;ANTWOORDBERICHT;1;0;44;19970501;NULL;NULL;NOPROD;20000101
282;9;FOUTMELDING;1;0;44;19970501;NULL;NULL;NOPROD;20000101
283;12;?;1;0;0;20000121;NULL;NULL;NOPROD;20000101
284;12;?;1;0;0;20000121;NULL;NULL;NOPROD;20000101
287;12;?;1;0;0;20000121;NULL;NULL;NOPROD;20000101
288;12;?;1;0;0;20000121;NULL;NULL;NOPROD;20000101
289;12;?;1;0;0;20000121;NULL;NULL;NOPROD;20000101
290;12;?;1;0;0;20000121;NULL;NULL;NOPROD;20000101
291;12;?;1;0;0;20000121;NULL;NULL;NOPROD;20000101
293;12;?;1;0;0;20000121;NULL;NULL;NOPROD;20000101
297;12;?;1;0;0;20000121;NULL;NULL;NOPROD;20000101
298;12;?;1;0;0;20000121;NULL;NULL;NOPROD;20000101
299;12;?;1;0;0;20000121;NULL;NULL;NOPROD;20000101
302;12;?;1;0;0;20000121;NULL;NULL;NOPROD;20000101
305;12;?;1;0;0;20000121;NULL;NULL;NOPROD;20000101
307;12;?;1;0;0;20000121;NULL;NULL;NOPROD;20000101
315;12;?;1;0;0;20000121;NULL;NULL;NOPROD;20000101
316;1;AANVRAAGBERICHT;0;0;25;19960301;NULL;NULL;NOPROD;20000101
316;8;ACCEPTATIEBERICHT;1;0;25;19960301;NULL;NULL;NOPROD;20000101
316;9;FOUTBERICHT;1;0;25;19960301;NULL;NULL;NOPROD;20000101
317;1;AANVRAAG BERICHT;0;0;25;19960301;NULL;NULL;NOPROD;20000101
317;8;ACCEPTATIE BERICHT;1;0;25;19960301;NULL;NULL;NOPROD;20000101
317;9;FOUTBERICHT;1;0;25;19960301;NULL;NULL;NOPROD;20000101
318;1;AANVRAAGBERICHT;0;0;25;19960301;NULL;NULL;NOPROD;20000101
318;8;ACCEPTATIEBERICHT;1;0;25;19960301;NULL;NULL;NOPROD;20000101
318;9;FOUTBERICHT;1;0;25;19960301;NULL;NULL;NOPROD;20000101
319;1;AANVRAAGBERICHT;0;0;25;19960301;NULL;NULL;NOPROD;20000101
319;8;ACCEPTATIEBERICHT;1;0;25;19960301;NULL;NULL;NOPROD;20000101
319;9;FOUTBERICHT;1;0;25;19960301;NULL;NULL;NOPROD;20000101
320;1;AANVRAAGBERICHT;0;0;25;19960301;NULL;NULL;NOPROD;20000101
320;8;ACCEPTATIEBERICHT;1;0;25;19960301;NULL;NULL;NOPROD;20000101
320;9;FOUTBERICHT;1;0;25;19960301;NULL;NULL;NOPROD;20000101
321;1;AANVRAAGBERICHT;0;0;25;19960301;NULL;NULL;NOPROD;20000101
321;2;ANTWOORDBERICHT;1;0;25;19960301;NULL;NULL;NOPROD;20000101
321;9;FOUTBERICHT;1;0;25;19960301;NULL;NULL;NOPROD;20000101
322;1;AANVRAAGBERICHT;0;0;54;19960301;NULL;NULL;NOPROD;20000101
322;8;ACCEPTATIEBERICHT;1;0;54;19960301;NULL;NULL;NOPROD;20000101
322;9;FOUTBERICHT;1;0;54;19960301;NULL;NULL;NOPROD;20000101
323;1;AANVRAAGBERICHT;0;0;54;19960301;NULL;NULL;NOPROD;20000101
323;8;ACCEPTATIEBERICHT;1;0;54;19960301;NULL;NULL;NOPROD;20000101
323;9;FOUTBERICHT;1;0;54;19960301;NULL;NULL;NOPROD;20000101
324;1;AANVRAAGBERICHT;0;0;54;19960301;NULL;NULL;NOPROD;20000101
324;8;ACCEPTATIEBERICHT;1;0;54;19960301;NULL;NULL;NOPROD;20000101
324;9;FOUTBERICHT;1;0;54;19960301;NULL;NULL;NOPROD;20000101
325;1;AANVRAAGBERICHT;0;0;54;19960301;NULL;NULL;NOPROD;20000101
325;8;ACCEPTATIEBERICHT;1;0;54;19960301;NULL;NULL;NOPROD;20000101
325;9;FOUTBERICHT;1;0;54;19960301;NULL;NULL;NOPROD;20000101
326;1;AANVRAAGBERICHT;0;0;54;19960301;NULL;NULL;NOPROD;20000101
326;8;ACCEPTATIEBERICHT;1;0;54;19960301;NULL;NULL;NOPROD;20000101
326;9;FOUTBERICHT;1;0;54;19960301;NULL;NULL;NOPROD;20000101
327;1;AANVRAAGBERICHT;0;0;54;19960301;NULL;NULL;NOPROD;20000101
327;8;ACCEPTATIEBERICHT;1;0;54;19960301;NULL;NULL;NOPROD;20000101
327;9;FOUTBERICHT;1;0;54;19960301;NULL;NULL;NOPROD;20000101
328;1;AANVRAAGBERICHT;0;0;25;19960301;NULL;NULL;NOPROD;20000101
328;2;ANTWOORDBERICHT;1;0;25;19960301;NULL;NULL;NOPROD;20000101
328;9;FOUTBERICHT;1;0;25;19960301;NULL;NULL;NOPROD;20000101
329;1;AANVRAAGBERICHT;0;0;53;19970501;NULL;NULL;NOPROD;20000101
329;8;ANTWOORDBERICHT;1;0;53;19970501;NULL;NULL;NOPROD;20000101
329;9;FOUTMELDING;1;0;53;19970501;NULL;NULL;NOPROD;20000101
330;1;AANVRAAGBERICHT;0;0;53;19970501;NULL;NULL;NOPROD;20000101
330;8;ANTWOORDBERICHT;1;0;53;19970501;NULL;NULL;NOPROD;20000101
330;9;FOUTMELDING;1;0;53;19970501;NULL;NULL;NOPROD;20000101
331;1;AANVRAAGBERICHT;0;0;54;19960301;NULL;NULL;NOPROD;20000101
331;2;ANTWOORDBERICHT;1;0;54;19960301;NULL;NULL;NOPROD;20000101
331;9;FOUTBERICHT;1;0;54;19960301;NULL;NULL;NOPROD;20000101
336;1;AANVRAAGBERICHT;0;0;25;19960301;NULL;NULL;NOPROD;20000101
336;2;ANTWOORDBERICHT;1;0;25;19960301;NULL;NULL;NOPROD;20000101
336;9;FOUTBERICHT;1;0;25;19960301;NULL;NULL;NOPROD;20000101
337;1;AANVRAAGBERICHT;0;0;25;19960301;NULL;NULL;NOPROD;20000101
337;2;ANTWOORDBERICHT;1;0;25;19960301;NULL;NULL;NOPROD;20000101
337;9;FOUTBERICHT;1;0;25;19960301;NULL;NULL;NOPROD;20000101
376;12;?;1;0;0;20000121;NULL;NULL;NOPROD;20000101
378;1;INKOMEND BERICHT;0;0;0;20021003;NULL;NULL;NOPROD;20020101
382;1;AANVRAAGBERICHT;0;0;44;19970904;NULL;NULL;NOPROD;20000101
382;8;ANTWOORDBERICHT;1;0;0;20010423;NULL;NULL;NOPROD;20000101
382;9;FOUTMELDING;1;0;0;20010423;NULL;NULL;NOPROD;20000101
383;8;ANTWOORDBERICHT;1;0;0;20000509;NULL;NULL;NOPROD;20000101
387;8;?;1;0;0;20000125;NULL;NULL;NOPROD;20000101
387;9;?;1;0;0;20000125;NULL;NULL;NOPROD;20000101
388;8;?;1;0;0;20000125;NULL;NULL;NOPROD;20000101
388;9;?;1;0;0;20000125;NULL;NULL;NOPROD;20000101
389;8;?;1;0;0;20000121;NULL;NULL;NOPROD;20000101
389;9;?;1;0;0;20000121;NULL;NULL;NOPROD;20000101
390;8;ANTWOORDBERICHT;1;0;0;20000509;NULL;NULL;NOPROD;20000101
390;9;FOUTMELDING;1;0;0;20000509;NULL;NULL;NOPROD;20000101
391;8;ANTWOORDBERICHT;1;0;0;20021003;NULL;NULL;NOPROD;20020101
391;9;FOUTMELDING;1;0;0;20000510;NULL;NULL;NOPROD;20000101
392;8;?;1;0;0;20000121;NULL;NULL;NOPROD;20000101
392;9;?;1;0;0;20000125;NULL;NULL;NOPROD;20000101
393;8;?;1;0;0;20000121;NULL;NULL;NOPROD;20000101
393;9;?;1;0;0;20000121;NULL;NULL;NOPROD;20000101
400;1;?;1;0;0;20000121;NULL;NULL;NOPROD;20000101
400;2;?;1;0;0;20000121;NULL;NULL;NOPROD;20000101
401;1;?;1;0;0;20000121;NULL;NULL;NOPROD;20000101
401;2;?;1;0;0;20000121;NULL;NULL;NOPROD;20000101
402;1;?;1;0;0;20000121;NULL;NULL;NOPROD;20000101
402;2;?;1;0;0;20000121;NULL;NULL;NOPROD;20000101
403;1;?;1;0;0;20000121;NULL;NULL;NOPROD;20000101
403;2;?;1;0;0;20000121;NULL;NULL;NOPROD;20000101
404;1;?;1;0;0;20000121;NULL;NULL;NOPROD;20000101
404;2;?;1;0;0;20000121;NULL;NULL;NOPROD;20000101
405;1;?;1;0;0;20000121;NULL;NULL;NOPROD;20000101
405;2;?;1;0;0;20000121;NULL;NULL;NOPROD;20000101
406;1;?;1;0;0;20000121;NULL;NULL;NOPROD;20000101
406;2;?;1;0;0;20000121;NULL;NULL;NOPROD;20000101
407;8;ANTWOORDBERICHT;1;0;43;19970501;NULL;NULL;NOPROD;20000101
407;9;FOUTMELDING;1;0;43;19970501;NULL;NULL;NOPROD;20000101
409;2;MUTATIE PERSOONSGEGEVENS;0;0;48;19970501;NULL;NULL;NOPROD;20000101
409;8;ANTWOORDBERICHT;1;0;48;19970501;NULL;NULL;NOPROD;20000101
409;9;FOUTMELDING;1;0;48;19970501;NULL;NULL;NOPROD;20000101
410;7;ONGELDIGE RIJBEWIJZEN;1;0;0;19990412;NULL;NULL;NOPROD;20000101
410;8;TOTAAL AANTAL GEVERIFIEERD;1;0;0;19990412;NULL;NULL;NOPROD;20000101
410;9;FOUTBERICHT;1;0;0;19990412;NULL;NULL;NOPROD;20000101
411;1;?;1;0;0;20000121;NULL;NULL;NOPROD;20000101
411;2;?;1;0;0;20000121;NULL;NULL;NOPROD;20000101
418;2;ANTWOORDBERICHT;1;0;0;20000121;NULL;NULL;30120703;20000101
418;9;FOUTMELDING;1;0;0;20000121;NULL;NULL;30120703;20000101
419;2;ANTWOORDBERICHT;1;0;0;20000121;NULL;NULL;30110703;19990101
419;9;FOUTMELDING;1;0;0;20000127;NULL;NULL;30110703;19990101
421;2;ANTWOORDBERICHT;1;0;0;20000121;NULL;NULL;30150701;20030101
421;9;FOUTMELDING;1;0;0;20000121;NULL;NULL;30150701;20030101
422;2;?;1;0;0;20000121;NULL;NULL;30110703;20030101
422;9;?;1;0;0;20000121;NULL;NULL;30110703;20030101
423;2;ANTWOORDBERICHT;1;0;0;20000121;NULL;NULL;30120703;20020101
423;9;FOUTMELDING;1;0;0;20000121;NULL;NULL;30120703;20020101
424;2;ANTWOORDBERICHT;1;0;0;20000121;NULL;NULL;30150701;20030101
424;9;FOUTMELDING;1;0;0;20000121;NULL;NULL;30150701;20030101
425;1;AANVRAAG BERICHT;0;0;25;19981022;NULL;NULL;NOPROD;20000101
425;2;ANTWOORDBERICHT MET INFO;1;0;25;19981022;NULL;NULL;30110703;20030101
425;9;FOUTMELDING;1;0;25;19981022;NULL;NULL;30110703;20030101
426;2;?;1;0;0;20000121;NULL;NULL;30110703;20030101
426;9;FOUTMELDING;1;0;0;20010309;NULL;NULL;30110703;20030101
430;1;AANVRAAG MET TIJD. KENTEKEN;0;0;58;19981014;NULL;NULL;NOPROD;20000101
430;2;ANTWOORDBER. INFO VKB OF VRB;1;0;58;19981014;NULL;NULL;30110703;20030101
430;3;ANTWOORDBER. INFO EKB;1;0;58;19981014;NULL;NULL;30110703;20030101
430;8;?;1;0;0;20000121;NULL;NULL;30110703;20030101
430;9;FOUTBERICHT;1;0;58;19981014;NULL;NULL;30110703;20030101
442;2;ANTWOORDBERICHT;1;0;0;20000509;NULL;NULL;30110703;20000228
442;9;FOUTMELDING;1;0;0;20000509;NULL;NULL;30110703;20000228
443;2;ANTWOORDBERICHT;1;0;0;20000509;NULL;NULL;30150701;20000228
443;8;ANTWOORD;1;0;0;20000126;NULL;NULL;30150701;20000228
443;9;FOUT;1;0;0;20000126;NULL;NULL;30150701;20000228
456;2;ANTWOORDBERICHT;1;0;0;20000509;NULL;NULL;30150701;20030101
456;9;FOUTMELDING;1;0;0;20010426;NULL;NULL;30150701;20030101
457;2;UITGAAND;1;0;0;20000509;NULL;NULL;NOPROD;20000101
457;9;FOUTMELDING;1;0;0;20000510;NULL;NULL;NOPROD;20000101
458;2;?;1;0;0;20000125;NULL;NULL;NOPROD;20000101
458;9;?;1;0;0;20000125;NULL;NULL;NOPROD;20000101
459;2;ANTWOORDBERICHT;1;0;0;20000125;NULL;NULL;30110703;20000228
459;8;ANTWOORDBERICHT;1;0;0;20000125;NULL;NULL;30110703;20000228
459;9;FOUT;1;0;0;20000125;NULL;NULL;30110703;20000228
460;1;INKOMEND BERICHT;0;0;0;20041006;NULL;NULL;NOPROD;20040101
460;2;ANTWOORDBERICHT;1;0;0;20000124;NULL;NULL;30110703;20000228
460;9;FOUT;1;0;0;20000124;NULL;NULL;30110703;20000228
461;1;INKOMEND BERICHT;0;0;0;20041006;NULL;NULL;NOPROD;20040101
461;2;ANTWOORDBERICHT;1;0;0;20000125;NULL;NULL;30110703;20000228
461;9;FOUT;1;0;0;20000125;NULL;NULL;30110703;20000228
463;2;ANTWOORDBERICHT;1;0;0;20000125;NULL;NULL;NOPROD;20000101
463;9;FOUTMELDING;1;0;0;20000125;NULL;NULL;NOPROD;20000101
481;8;ANTWOORDBERICHT;1;0;66;19991021;NULL;NULL;NOPROD;20000101
481;9;FOUTMELDING;1;0;66;19991021;NULL;NULL;NOPROD;20000101
482;8;?;1;0;0;20000125;NULL;NULL;NOPROD;20000101
482;9;FOUT;1;0;0;20000126;NULL;NULL;NOPROD;20000101
483;1;AANVRAAG BERICHT;0;0;57;19980611;NULL;NULL;NOPROD;20000101
483;2;ANTWOORD BERICHT;1;0;57;19980611;NULL;NULL;NOPROD;20000101
483;9;FOUTBERICHT;1;0;57;19980611;NULL;NULL;NOPROD;20000101
490;9;?;1;0;0;20000125;NULL;NULL;NOPROD;20000101
492;9;?;1;0;0;20000125;NULL;NULL;NOPROD;20000101
493;9;?;1;0;0;20000125;NULL;NULL;NOPROD;20000101
494;9;?;1;0;0;20000125;NULL;NULL;NOPROD;20000101
497;9;?;1;0;0;20000125;NULL;NULL;NOPROD;20000101
498;9;?;1;0;0;20000125;NULL;NULL;NOPROD;20000101
500;9;?;1;0;0;20000125;NULL;NULL;NOPROD;20000101
501;9;?;1;0;0;20000125;NULL;NULL;NOPROD;20000101
503;9;?;1;0;0;20000125;NULL;NULL;NOPROD;20000101
510;8;ANTWOORD;1;0;0;20000126;NULL;NULL;NOPROD;20000101
510;9;FOUT;1;0;0;20000126;NULL;NULL;NOPROD;20000101
512;8;ANTWOORDBERICHT;1;0;68;19991021;NULL;NULL;NOPROD;20000101
512;9;FOUTMELDING;1;0;68;19991021;NULL;NULL;NOPROD;20000101
513;8;ANTWOORDBERICHT;1;0;68;19991021;NULL;NULL;NOPROD;20000101
513;9;FOUTMELDING;1;0;68;19991021;NULL;NULL;NOPROD;20000101
517;1;?;1;0;0;20000509;NULL;NULL;NOPROD;20000101
517;8;ANTWOORDBERICHT;1;0;32;19991021;NULL;NULL;NOPROD;20000101
517;9;FOUTMELDING;1;0;32;19991021;NULL;NULL;NOPROD;20000101
518;8;ANTWOORDBERICHT;1;0;0;19981113;NULL;NULL;NOPROD;20000101
521;1;AANVRAAG BERICHT;0;0;0;19981027;NULL;NULL;NOPROD;20000101
521;8;ANTWOORDBERICHT;1;0;0;19981027;NULL;NULL;NOPROD;20000101
521;9;FOUTMELDING;1;0;0;19981027;NULL;NULL;NOPROD;20000101
522;8;ANTWOORDBERICHT;1;0;0;19981027;NULL;NULL;NOPROD;20000101
522;9;FOUTMELDING;1;0;0;19981027;NULL;NULL;NOPROD;20000101
523;8;ANTWOORDBERICHT;1;0;0;19981027;NULL;NULL;NOPROD;20000101
523;9;FOUT;1;0;0;20000126;NULL;NULL;NOPROD;20000101
529;9;FOUTMELDING;1;0;0;19981027;NULL;NULL;NOPROD;20000101
536;9;FOUT;1;0;0;20000126;NULL;NULL;NOPROD;20000101
537;8;ANTWOORDBERICHT;1;0;32;19991021;NULL;NULL;NOPROD;20000101
537;9;FOUTMELDING;1;0;32;19991021;NULL;NULL;NOPROD;20000101
538;1;?;1;0;0;20000509;NULL;NULL;NOPROD;20000101
538;8;ANTWOORDBERICHT;1;0;32;19991021;NULL;NULL;NOPROD;20000101
538;9;FOUTMELDING;1;0;32;19991021;NULL;NULL;NOPROD;20000101
540;1;AANVRAAGBERICHT;0;0;69;19981028;NULL;NULL;NOPROD;20000101
540;2;RETOUR BERICHT;1;0;69;19981028;NULL;NULL;NOPROD;20000101
540;9;FOUTBERICHT;1;0;69;19981028;NULL;NULL;NOPROD;20000101
541;1;AANVRAAGBERICHT;0;0;69;19981028;NULL;NULL;NOPROD;20000101
541;2;RETOURBERICHT;1;0;69;19981028;NULL;NULL;NOPROD;20000101
541;9;FOUTBERICHT;1;0;69;19981028;NULL;NULL;NOPROD;20000101
542;1;AANVRAAGBERICHT;0;0;0;19990412;NULL;NULL;NOPROD;20000101
542;7;ONGELDIGE RIJBEWIJZEN;1;0;0;19990412;NULL;NULL;NOPROD;20000101
542;8;TOTAAL AANTAL GEVERIFIEERD;1;0;0;19990412;NULL;NULL;30130703;20000228
542;9;FOUTBERICHT;1;0;0;19990412;NULL;NULL;30130703;20000228
551;9;FOUTMELDING;1;0;0;20000922;NULL;NULL;NOPROD;20000101
552;9;FOUTMELDING;1;0;0;20000922;NULL;NULL;NOPROD;20000101
553;9;FOUTMELDING;1;0;0;20000922;NULL;NULL;NOPROD;20000101
554;9;FOUTMELDING;1;0;0;20000922;NULL;NULL;NOPROD;20000101
557;8;ANTWOORDBERICHT;1;0;0;20010423;NULL;NULL;NOPROD;20000101
557;9;FOUTMELDING;1;0;0;20010423;NULL;NULL;NOPROD;20000101
561;2;ANTWOORD;1;0;0;20000126;NULL;NULL;NOPROD;20000101
561;9;FOUT;1;0;0;20000126;NULL;NULL;NOPROD;20000101
562;2;ANTWOORDBERICHT;1;0;0;20000509;NULL;NULL;NOPROD;20000101
562;9;FOUTMELDING;1;0;0;20010426;NULL;NULL;NOPROD;20000101
566;7;?;1;0;0;20000509;NULL;NULL;NOPROD;20000101
566;9;FOUT;1;0;0;20000126;NULL;NULL;NOPROD;20000101
567;7;?;1;0;0;20000509;NULL;NULL;NOPROD;20000101
567;9;FOUT;1;0;0;20000126;NULL;NULL;NOPROD;20000101
568;7;?;1;0;0;20000509;NULL;NULL;NOPROD;20000101
568;9;FOUTMELDING;1;0;0;20010423;NULL;NULL;NOPROD;20000101
570;8;ANTWOORD;1;0;0;20000126;NULL;NULL;NOPROD;20000101
572;9;FOUTMELDING;1;0;0;20000922;NULL;NULL;NOPROD;20000101
573;9;FOUTMELDING;1;0;0;20000922;NULL;NULL;NOPROD;20000101
574;9;FOUTMELDING;1;0;0;20000922;NULL;NULL;NOPROD;20000101
577;9;FOUTMELDING;1;0;0;20000922;NULL;NULL;NOPROD;20000101
578;9;FOUTMELDING;1;0;0;20000922;NULL;NULL;NOPROD;20000101
579;9;FOUTMELDING;1;0;0;20000922;NULL;NULL;NOPROD;20000101
580;9;FOUTMELDING;1;0;0;20000922;NULL;NULL;NOPROD;20000101
583;8;ANTWOORDBERICHT;1;0;0;20010423;NULL;NULL;30110703;20030101
583;9;FOUTMELDING;1;0;0;20010423;NULL;NULL;30110703;20030101
584;8;ANTWOORD;1;0;0;20000126;NULL;NULL;NOPROD;20000101
587;8;ANTWOORDBERICHT;1;0;0;20010423;NULL;NULL;NOPROD;20000101
587;9;FOUTMELDING;1;0;0;20010423;NULL;NULL;NOPROD;20000101
609;2;ANTWOORDBERICHT;1;0;0;20010423;NULL;NULL;30110703;20010101
609;9;FOUTMELDING;1;0;0;20010423;NULL;NULL;30110703;20010101
619;8;ANTWOORDBERICHT;1;0;0;20021003;NULL;NULL;NOPROD;20020101
619;9;FOUTMELDING;1;0;0;20021003;NULL;NULL;NOPROD;20020101
620;9;FOUTMELDING;1;0;0;20021003;NULL;NULL;NOPROD;20020101
621;9;FOUTMELDING;1;0;0;20000117;NULL;NULL;30110712;20000621
632;9;FOUTMELDING;1;0;0;20000417;NULL;NULL;30110713;20000621
640;8;ANTWOORDBERICHT;1;0;0;20010423;NULL;NULL;NOPROD;20000101
640;9;FOUTMELDING;1;0;0;20010423;NULL;NULL;NOPROD;20000101
641;8;ANTWOORDBERICHT;1;0;0;20010423;NULL;NULL;NOPROD;20000101
641;9;FOUTMELDING;1;0;0;20010423;NULL;NULL;NOPROD;20000101
645;8;ANTWOORDBERICHT;1;0;0;20010423;NULL;NULL;NOPROD;20000101
645;9;FOUTMELDING;1;0;0;20010423;NULL;NULL;NOPROD;20000101
646;9;FOUTMELDING;1;0;0;20000922;NULL;NULL;NOPROD;20000101
647;8;ANTWOORDBERICHT;1;0;0;20010423;NULL;NULL;NOPROD;20000101
647;9;FOUTMELDING;1;0;0;20010423;NULL;NULL;NOPROD;20000101
658;8;ANTWOORDBERICHT;1;0;0;20010423;NULL;NULL;NOPROD;20000101
658;9;FOUTMELDING;1;0;0;20010423;NULL;NULL;NOPROD;20000101
659;9;FOUTMELDING;1;0;0;20000922;NULL;NULL;NOPROD;20000101
660;9;FOUTMELDING;1;0;0;20000922;NULL;NULL;NOPROD;20000101
661;9;FOUTMELDING;1;0;0;20000922;NULL;NULL;NOPROD;20000101
662;9;FOUTMELDING;1;0;0;20000922;NULL;NULL;NOPROD;20000101
663;9;FOUTMELDING;1;0;0;20000922;NULL;NULL;NOPROD;20000101
664;8;ANTWOORDBERICHT;1;0;0;20021003;NULL;NULL;NOPROD;20020101
664;9;FOUTMELDING;1;0;0;20021003;NULL;NULL;NOPROD;20020101
665;8;ANTWOORDBERICHT;1;0;0;20021003;NULL;NULL;NOPROD;20020101
665;9;FOUTMELDING;1;0;0;20021003;NULL;NULL;NOPROD;20020101
666;8;ANTWOORDBERICHT;1;0;0;20021003;NULL;NULL;NOPROD;20020101
666;9;FOUTMELDING;1;0;0;20021003;NULL;NULL;NOPROD;20020101
667;8;ANTWOORDBERICHT;1;0;0;20021003;NULL;NULL;NOPROD;20020101
667;9;FOUTMELDING;1;0;0;20021003;NULL;NULL;NOPROD;20020101
668;8;ANTWOORDBERICHT;1;0;0;20021003;NULL;NULL;NOPROD;20020101
668;9;FOUTMELDING;1;0;0;20021003;NULL;NULL;NOPROD;20020101
669;8;ANTWOORDBERICHT;1;0;0;20021003;NULL;NULL;NOPROD;20020101
669;9;FOUTMELDING;1;0;0;20021003;NULL;NULL;NOPROD;20020101
670;8;ANTWOORDBERICHT;1;0;0;20021003;NULL;NULL;NOPROD;20020101
670;9;FOUTMELDING;1;0;0;20021003;NULL;NULL;NOPROD;20020101
671;8;ANTWOORDBERICHT;1;0;0;20021003;NULL;NULL;NOPROD;20020101
671;9;FOUTMELDING;1;0;0;20021003;NULL;NULL;NOPROD;20020101
672;8;ANTWOORDBERICHT;1;0;0;20021003;NULL;NULL;NOPROD;20020101
672;9;FOUTMELDING;1;0;0;20021003;NULL;NULL;NOPROD;20020101
673;8;ANTWOORDBERICHT;1;0;0;20021003;NULL;NULL;NOPROD;20020101
673;9;FOUTMELDING;1;0;0;20021003;NULL;NULL;NOPROD;20020101
679;9;FOUTMELDING;1;0;0;20000922;NULL;NULL;NOPROD;20000101
680;9;FOUTMELDING;1;0;0;20000922;NULL;NULL;NOPROD;20000101
681;8;ANTWOORDBERICHT;1;0;0;20021003;NULL;NULL;NOPROD;20020101
681;9;FOUTMELDING;1;0;0;20021003;NULL;NULL;NOPROD;20020101
682;8;ANTWOORDBERICHT;1;0;0;20021003;NULL;NULL;NOPROD;20020101
682;9;FOUTMELDING;1;0;0;20021003;NULL;NULL;NOPROD;20020101
683;8;ANTWOORDBERICHT;1;0;0;20021003;NULL;NULL;NOPROD;20020101
683;9;FOUTMELDING;1;0;0;20021003;NULL;NULL;NOPROD;20020101
684;8;ANTWOORDBERICHT;1;0;0;20021003;NULL;NULL;NOPROD;20020101
684;9;FOUTMELDING;1;0;0;20021003;NULL;NULL;NOPROD;20020101
685;9;FOUTMELDING;1;0;0;20000922;NULL;NULL;NOPROD;20000101
686;8;ANTWOORDBERICHT;1;0;0;20010426;NULL;NULL;NOPROD;20000101
686;9;FOUTMELDING;1;0;0;20010426;NULL;NULL;NOPROD;20000101
691;2;ANTWOORDBERICHT;1;0;0;20010423;NULL;NULL;NOPROD;20000101
691;8;ANTWOORDBERICHT;1;0;0;20010423;NULL;NULL;NOPROD;20000101
691;9;FOUTMELDING;1;0;0;20010423;NULL;NULL;NOPROD;20000101
692;2;ANTWOORDBERICHT;1;0;0;20010423;NULL;NULL;NOPROD;20000101
692;9;FOUTMELDING;1;0;0;20010423;NULL;NULL;NOPROD;20000101
695;9;FOUTMELDING;1;0;0;20010426;NULL;NULL;NOPROD;20000101
702;12;?;1;0;0;20070426;NULL;NULL;NOPROD;20040101
705;8;ANTWOORDBERICHT;1;0;0;20021003;NULL;NULL;NOPROD;20020101
705;9;FOUTMELDING;1;0;0;20021003;NULL;NULL;NOPROD;20020101
745;1;INKOMEND;0;0;0;20060425;NULL;NULL;NOPROD;20040101
745;2;ANTWOORDBERICHT;1;0;0;20010605;NULL;NULL;NOPROD;20040101
745;8;ANTWOORDBERICHT;1;0;0;20010605;NULL;NULL;NOPROD;20040101
745;9;FOUTMELDING;1;0;0;20010605;NULL;NULL;NOPROD;20040101
807;2;ANTWOORD GOED;1;0;0;20020206;NULL;NULL;30150701;20020101
807;8;ANTWOORD TUXEDO;1;0;0;20020206;NULL;NULL;30150701;20020101
807;9;FOUT;1;0;0;20020206;NULL;NULL;30150701;20020101
879;1;Aanvraagbericht;0;0;0;20150414;NULL;NULL;NOPROD;20040101
879;8;Antwoordbericht;1;0;0;20150414;NULL;NULL;NOPROD;20040101
879;9;AANGELEVERDE MUTATIE FOUTIEF;1;0;0;20020724;NULL;NULL;NOPROD;20020101
880;9;AANGELEVERDE MUTATIE FOUTIEF;1;0;0;20020724;NULL;NULL;NOPROD;20020101
881;9;AANGELEVERDE MUTATIE FOUTIEF;1;0;0;20020724;NULL;NULL;NOPROD;20020101
882;9;AANGELEVERDE MUTATIE FOUTIEF;1;0;0;20020724;NULL;NULL;NOPROD;20020101
883;9;AANGELEVERDE MUTATIE FOUTIEF;1;0;0;20020724;NULL;NULL;NOPROD;20020101
884;9;AANGELEVERDE MUTATIE FOUTIEF;1;0;0;20020724;NULL;NULL;NOPROD;20020101
885;9;AANGELEVERDE MUTATIE FOUTIEF;1;0;0;20020724;NULL;NULL;NOPROD;20020101
889;8;MUTATIE VERWERKT;1;0;0;20020724;NULL;NULL;NOPROD;20020101
889;9;MUTATIE GEWEIGERD;1;0;0;20020724;NULL;NULL;NOPROD;20020101
890;8;MUTATIE VERWERKT;1;0;0;20020724;NULL;NULL;NOPROD;20020101
890;9;MUTATIE GEWEIGERD;1;0;0;20020724;NULL;NULL;NOPROD;20020101
891;8;MUTATIE VERWERKT;1;0;0;20020724;NULL;NULL;NOPROD;20020101
891;9;MUTATIE GEWEIGERD;1;0;0;20020724;NULL;NULL;NOPROD;20020101
892;8;MUTATIE VERWERKT;1;0;0;20020724;NULL;NULL;NOPROD;20020101
892;9;MUTATIE GEWEIGERD;1;0;0;20020724;NULL;NULL;NOPROD;20020101
893;8;MUTATIE VERWERKT;1;0;0;20020724;NULL;NULL;NOPROD;20020101
893;9;MUTATIE GEWEIGERD;1;0;0;20020724;NULL;NULL;NOPROD;20020101
894;8;MUTATIE VERWERKT;1;0;0;20020724;NULL;NULL;NOPROD;20020101
894;9;MUTATIE GEWEIGERD;1;0;0;20020724;NULL;NULL;NOPROD;20020101
895;8;MUTATIE VERWERKT;1;0;0;20020724;NULL;NULL;NOPROD;20020101
895;9;MUTATIE GEWEIGERD;1;0;0;20020724;NULL;NULL;NOPROD;20020101
896;8;MUTATIE VERWERKT;1;0;0;20020724;NULL;NULL;NOPROD;20020101
896;9;MUTATIE GEWEIGERD;1;0;0;20020724;NULL;NULL;NOPROD;20020101
897;8;MUTATIE VERWERKT;1;0;0;20020724;NULL;NULL;NOPROD;20020101
897;9;MUTATIE GEWEIGERD;1;0;0;20020724;NULL;NULL;NOPROD;20020101
898;8;MUTATIE VERWERKT;1;0;0;20020724;NULL;NULL;NOPROD;20020101
898;9;MUTATIE GEWEIGERD;1;0;0;20020724;NULL;NULL;NOPROD;20020101
899;8;MUTATIE VERWERKT;1;0;0;20020724;NULL;NULL;NOPROD;20020101
899;9;MUTATIE GEWEIGERD;1;0;0;20020724;NULL;NULL;NOPROD;20020101
900;8;MUTATIE VERWERKT;1;0;0;20020724;NULL;NULL;NOPROD;20020101
900;9;MUTATIE GEWEIGERD;1;0;0;20020724;NULL;NULL;NOPROD;20020101
901;8;MUTATIE VERWERKT;1;0;0;20020724;NULL;NULL;NOPROD;20020101
901;9;MUTATIE GEWEIGERD;1;0;0;20020724;NULL;NULL;NOPROD;20020101
902;8;MUTATIE VERWERKT;1;0;0;20020724;NULL;NULL;NOPROD;20020101
902;9;MUTATIE GEWEIGERD;1;0;0;20020724;NULL;NULL;NOPROD;20020101
903;8;MUTATIE VERWERKT;1;0;0;20020724;NULL;NULL;NOPROD;20020101
903;9;MUTATIE GEWEIGERD;1;0;0;20020724;NULL;NULL;NOPROD;20020101
904;8;MUTATIE VERWERKT;1;0;0;20020724;NULL;NULL;NOPROD;20020101
904;9;MUTATIE GEWEIGERD;1;0;0;20020724;NULL;NULL;NOPROD;20020101
905;8;MUTATIE VERWERKT;1;0;0;20020724;NULL;NULL;NOPROD;20020101
905;9;MUTATIE GEWEIGERD;1;0;0;20020724;NULL;NULL;NOPROD;20020101
906;8;MUTATIE VERWERKT;1;0;0;20020724;NULL;NULL;NOPROD;20020101
906;9;MUTATIE GEWEIGERD;1;0;0;20020724;NULL;NULL;NOPROD;20020101
907;8;MUTATIE VERWERKT;1;0;0;20020724;NULL;NULL;NOPROD;20020101
907;9;MUTATIE GEWEIGERD;1;0;0;20020724;NULL;NULL;NOPROD;20020101
908;8;MUTATIE VERWERKT;1;0;0;20020724;NULL;NULL;NOPROD;20020101
908;9;MUTATIE GEWEIGERD;1;0;0;20020724;NULL;NULL;NOPROD;20020101
909;8;MUTATIE VERWERKT;1;0;0;20020724;NULL;NULL;NOPROD;20020101
909;9;MUTATIE GEWEIGERD;1;0;0;20020724;NULL;NULL;NOPROD;20020101
914;1;INKOMEND BERICHT;0;0;78;20021003;NULL;NULL;NOPROD;20020101
914;8;RETOURBERICHT;1;0;78;20021003;NULL;NULL;NOPROD;20020101
914;9;FOUTBERICHT;1;0;78;20021003;NULL;NULL;NOPROD;20020101
915;1;INKOMEND BERICHT;0;0;78;20021003;NULL;NULL;NOPROD;20020101
915;8;RETOURBERICHT;1;0;78;20021003;NULL;NULL;NOPROD;20020101
915;9;FOUTBERICHT;1;0;78;20021003;NULL;NULL;NOPROD;20020101
918;8;ANTWOORDBERICHT;1;0;0;20020508;NULL;NULL;30220501;20020424
918;9;FOUTMELDING;1;0;0;20020508;NULL;NULL;30220501;20020424
919;8;ANTWOORDBERICHT;1;0;0;20020508;NULL;NULL;30220502;20020424
919;9;FOUTMELDING;1;0;0;20020508;NULL;NULL;30220502;20020424
921;2;GOED;1;0;0;20030207;NULL;NULL;30120703;20030101
921;8;ANTWOORDBERICHT;1;0;0;20060202;NULL;NULL;30120703;20050527
921;9;FOUT;1;0;0;20030207;NULL;NULL;30120703;20030101
941;2;GOED;1;0;0;20021211;NULL;NULL;NOPROD;20020101
941;9;FOUT;1;0;0;20030115;NULL;NULL;NOPROD;20020101
942;2;GOED;1;0;0;20021211;NULL;NULL;NOPROD;20020101
942;9;FOUT;1;0;0;20030115;NULL;NULL;NOPROD;20020101
943;2;GOED;1;0;0;20021211;NULL;NULL;30111303;20030101
943;9;FOUT;1;0;0;20021211;NULL;NULL;30111303;20030101
944;2;GOED;1;0;0;20021211;NULL;NULL;30111304;20030101
944;9;FOUT;1;0;0;20021211;NULL;NULL;30111304;20030101
1000;1;?;1;0;0;20000509;NULL;NULL;NOPROD;20000101
1000;2;?;1;0;0;20000509;NULL;NULL;NOPROD;20000101
1003;1;AANVRAAGBERICHT;0;0;30;19950703;NULL;NULL;NOPROD;20000101
1003;3;LAATSTE BERICHT RDC;1;0;30;19950703;NULL;NULL;NOPROD;20000101
1003;8;GESLAAGD;1;0;30;19950703;NULL;NULL;NOPROD;20000101
1003;9;MISLUKT;1;0;30;19950703;NULL;NULL;NOPROD;20000101
1004;1;AANVRAAG BERICHT;0;0;30;19950703;NULL;NULL;NOPROD;20000101
1004;3;LAATSTE BERICHT RDC;1;0;30;19950703;NULL;NULL;NOPROD;20000101
1004;8;GESLAAGD;1;0;30;19950703;NULL;NULL;NOPROD;20000101
1004;9;MISLUKT;1;0;30;19950703;NULL;NULL;NOPROD;20000101
1005;1;AANVRAAG BERICHT;0;0;30;19950703;NULL;NULL;NOPROD;20000101
1005;3;LAATSTE BERICHT RDC;1;0;30;19950703;NULL;NULL;NOPROD;20000101
1005;8;GESLAAGD;1;0;30;19950703;NULL;NULL;NOPROD;20000101
1005;9;MISLUKT;1;0;30;19950703;NULL;NULL;NOPROD;20000101
1016;9;FOUTMELDING;1;0;0;20000922;NULL;NULL;NOPROD;20000101
1017;9;FOUTMELDING;1;0;0;20000922;NULL;NULL;NOPROD;20000101
1018;9;FOUTMELDING;1;0;0;20000922;NULL;NULL;NOPROD;20000101
1019;9;FOUTMELDING;1;0;0;20000922;NULL;NULL;NOPROD;20000101
1024;1;?;1;0;0;20000509;NULL;NULL;NOPROD;20000101
1024;2;?;1;0;0;20000509;NULL;NULL;NOPROD;20000101
1024;3;?;1;0;0;20000510;NULL;NULL;NOPROD;20000101
1025;1;?;1;0;0;20000509;NULL;NULL;NOPROD;20000101
1025;2;?;1;0;0;20000509;NULL;NULL;NOPROD;20000101
1026;1;?;1;0;0;20000509;NULL;NULL;NOPROD;20000101
1026;2;?;1;0;0;20000509;NULL;NULL;NOPROD;20000101
1027;1;?;1;0;0;20000509;NULL;NULL;NOPROD;20000101
1027;2;?;1;0;0;20000509;NULL;NULL;NOPROD;20000101
1029;1;?;1;0;0;20000509;NULL;NULL;NOPROD;20000101
1029;2;?;1;0;0;20000509;NULL;NULL;NOPROD;20000101
1029;3;?;1;0;0;20000510;NULL;NULL;NOPROD;20000101
1029;4;?;1;0;0;20000509;NULL;NULL;NOPROD;20000101
1030;1;?;1;0;0;20000509;NULL;NULL;NOPROD;20000101
1030;2;?;1;0;0;20000509;NULL;NULL;NOPROD;20000101
1030;3;?;1;0;0;20000509;NULL;NULL;NOPROD;20000101
1030;4;?;1;0;0;20000510;NULL;NULL;NOPROD;20000101
1031;1;?;1;0;0;20000509;NULL;NULL;NOPROD;20000101
1031;2;?;1;0;0;20000509;NULL;NULL;NOPROD;20000101
1031;4;?;1;0;0;20000509;NULL;NULL;NOPROD;20000101
1032;1;?;1;0;0;20000509;NULL;NULL;NOPROD;20000101
1032;2;?;1;0;0;20000509;NULL;NULL;NOPROD;20000101
1032;4;?;1;0;0;20000510;NULL;NULL;NOPROD;20000101
1108;1;?;1;0;0;20000509;NULL;NULL;NOPROD;20000101
1108;2;?;1;0;0;20000509;NULL;NULL;NOPROD;20000101
1108;9;FOUTMELDING;1;0;0;20000509;NULL;NULL;NOPROD;20000101
1109;1;AANVRAAGBERICHT;0;0;25;19960301;NULL;NULL;NOPROD;20000101
1109;2;ANTWOORDBERICHT;1;0;25;19960301;NULL;NULL;30211214;20140101
1109;4;HERBEVESTIGING;1;0;25;19960301;NULL;NULL;NOPROD;20000101
1109;8;ANTWOORDBERICHT;1;0;25;20091222;NULL;NULL;30211212;20100101
1109;9;FOUTBERICHT;1;0;25;19960301;NULL;NULL;NOPROD;20000101
1110;2;?;1;0;0;20000509;NULL;NULL;NOPROD;20000101
1111;1;AANVRAAGBERICHT;0;0;25;19960301;NULL;NULL;NOPROD;20000101
1111;2;ANTWOORDBERICHT;1;0;25;19960301;NULL;NULL;30211207;20030101
1111;3;HERBEVESTIGING;1;0;25;19960301;NULL;NULL;NOPROD;20000101
1111;4;?;1;0;0;20000510;NULL;NULL;NOPROD;20000101
1111;9;FOUTBERICHT;1;0;25;19960301;NULL;NULL;NOPROD;20000101
1115;8;ANTWOORDBERICHT;1;0;0;20000509;NULL;NULL;NOPROD;20000101
1116;8;ANTWOORDBERICHT;1;0;0;20000509;NULL;NULL;NOPROD;20000101
1117;8;ANTWOORDBERICHT;1;0;0;20000509;NULL;NULL;NOPROD;20000101
1117;9;FOUTMELDING;1;0;0;20010423;NULL;NULL;NOPROD;20000101
1132;1;?;1;0;0;20000509;NULL;NULL;NOPROD;20000101
1132;2;?;1;0;0;20000509;NULL;NULL;NOPROD;20000101
1133;1;?;1;0;0;20000509;NULL;NULL;NOPROD;20000101
1133;2;?;1;0;0;20000509;NULL;NULL;NOPROD;20000101
1135;1;?;1;0;0;20000509;NULL;NULL;NOPROD;20000101
1135;2;?;1;0;0;20000509;NULL;NULL;NOPROD;20000101
1145;1;PLAATSEN SCHORSING (NORMAAL);0;0;0;20000509;NULL;NULL;30223106;20050420
1145;2;?;1;0;0;20000509;NULL;NULL;NOPROD;20000101
1145;3;PLAATSEN SCHORSING (BROMFIETS);0;0;0;20070102;NULL;NULL;30223111;20070101
1145;4;PLAATSEN SCHORSING (NORMAAL);0;0;0;20000510;NULL;NULL;30223108;20050527
1145;5;PLAATSEN SCHORSING (LAAG);0;0;0;20050606;NULL;NULL;30223107;20050420
1145;6;PLAATSEN SCHORSING (HOOG);0;0;0;20050606;NULL;NULL;30223109;20050420
1146;1;BEEINDIGEN SCHORSING;0;0;0;20000509;NULL;NULL;30223110;20050420
1146;2;?;1;0;0;20000509;NULL;NULL;NOPROD;20000101
1150;8;ANTWOORDBERICHT;1;0;0;20010423;NULL;NULL;NOPROD;20000101
1150;9;FOUTMELDING;1;0;0;20010423;NULL;NULL;NOPROD;20000101
1151;8;ANTWOORDBERICHT;1;0;0;20010423;NULL;NULL;NOPROD;20000101
1151;9;FOUTMELDING;1;0;0;20010423;NULL;NULL;NOPROD;20000101
1152;8;ANTWOORDBERICHT;1;0;0;20010423;NULL;NULL;NOPROD;20000101
1152;9;FOUTMELDING;1;0;0;20010423;NULL;NULL;NOPROD;20000101
1154;1;AANVRAAG;0;0;0;19950629;NULL;NULL;NOPROD;20000101
1154;8;GOED;1;0;0;19950629;NULL;NULL;NOPROD;20000101
1154;9;FOUT;1;0;0;19950629;NULL;NULL;NOPROD;20000101
1157;2;?;1;0;0;20000509;NULL;NULL;NOPROD;20000101
1159;2;?;1;0;0;20000509;NULL;NULL;NOPROD;20000101
1191;1;ONBEKEND;1;0;0;20010424;NULL;NULL;NOPROD;20000101
1191;2;ONBEKEND;1;0;0;20010424;NULL;NULL;NOPROD;20000101
1200;1;VERFRISSEN DEEL 1B;0;0;0;20000509;NULL;NULL;30220105;20050101
1200;2;?;1;0;0;20000509;NULL;NULL;NOPROD;20000101
1206;8;ANTWOORDBERICHT;1;0;25;19960301;NULL;NULL;NOPROD;20000101
1206;9;FOUTBERICHT;1;0;25;19960301;NULL;NULL;NOPROD;20000101
1206;11;AANVRAAGBERICHT;0;0;25;19960301;NULL;NULL;NOPROD;20000101
1207;8;ANTWOORDBERICHT;1;0;25;19960301;NULL;NULL;NOPROD;20000101
1207;9;FOUTBERICHT;1;0;25;19960301;NULL;NULL;NOPROD;20000101
1207;11;AANVRAAGBERICHT;0;0;25;19960301;NULL;NULL;NOPROD;20000101
1208;1;Aanvraagbericht;0;0;35;19941111;NULL;NULL;NOPROD;20000101
1208;2;Geslaagd;1;0;35;19941111;NULL;NULL;NOPROD;20000101
1208;9;Mislukt;1;0;35;19941111;NULL;NULL;NOPROD;20000101
1209;1;AANVRAAGBERICHT;0;0;35;19961128;NULL;NULL;NOPROD;20000101
1209;2;GESLAAGD;1;0;35;19961128;NULL;NULL;NOPROD;20000101
1209;9;MISLUKT;1;0;35;19961128;NULL;NULL;NOPROD;20000101
1214;1;AANVRAAGBERICHT;0;0;36;19950130;NULL;NULL;NOPROD;20000101
1214;7;ONGELDIGE RIJBEWIJZEN;1;0;0;19990412;NULL;NULL;30130703;20000228
1214;8;TOTAAL AANTAL GEVERIFIEERD;1;0;36;19950130;NULL;NULL;30130703;20000228
1214;9;FOUTBERICHT;1;0;36;19950130;NULL;NULL;30130703;20000228
1217;1;AANVRAAGBERICHT;0;0;37;19970627;NULL;NULL;NOPROD;20000101
1217;2;GEVRAAGDE GEGEVENS;1;0;37;19970627;NULL;NULL;NOPROD;20000101
1217;9;MISLUKT BERICHT;1;0;37;19970627;NULL;NULL;NOPROD;20000101
1218;1;Aanvraagbericht;0;0;38;19941111;NULL;NULL;NOPROD;20000101
1218;8;Geslaagd;1;0;38;19941111;NULL;NULL;NOPROD;20000101
1218;9;Mislukt;1;0;38;19941111;NULL;NULL;NOPROD;20000101
1219;1;Aanvraagbericht;0;0;38;19941111;NULL;NULL;NOPROD;20000101
1219;8;Geslaagd;1;0;38;19941111;NULL;NULL;NOPROD;20000101
1219;9;Mislukt;1;0;38;19941111;NULL;NULL;NOPROD;20000101
1220;9;FOUTMELDING;1;0;0;20000922;NULL;NULL;NOPROD;20000101
1221;1;Aanvraagbericht;0;0;38;19941111;NULL;NULL;NOPROD;20000101
1221;8;Geslaagd;1;0;38;19941111;NULL;NULL;NOPROD;20000101
1221;9;Mislukt;1;0;38;19941111;NULL;NULL;NOPROD;20000101
1222;8;ANTWOORDBERICHT;1;0;0;20000922;NULL;NULL;NOPROD;20000101
1222;9;FOUTMELDING;1;0;0;20000509;NULL;NULL;NOPROD;20000101
1223;8;GESLAAGD;1;0;39;19941213;NULL;NULL;NOPROD;20000101
1223;9;MISLUKT;1;0;39;19941213;NULL;NULL;NOPROD;20000101
1224;8;GESLAAGD;1;0;39;19941213;NULL;NULL;NOPROD;20000101
1224;9;MISLUKT;1;0;39;19941213;NULL;NULL;NOPROD;20000101
1225;8;GESLAAGD;1;0;39;19941213;NULL;NULL;NOPROD;20000101
1225;9;MISLUKT;1;0;39;19941213;NULL;NULL;NOPROD;20000101
1227;1;AANVRAAG HIT-LIJST;0;0;41;19950511;NULL;NULL;NOPROD;20000101
1227;2;COMPLETE HIT-LIJST;1;0;41;19950511;NULL;NULL;NOPROD;20000101
1227;3;DEEL VAN HIT-LIJST;1;0;41;19950511;NULL;NULL;NOPROD;20000101
1227;4;AANVRAAG VERVOLG HIT-LIJST;0;0;41;19950511;NULL;NULL;NOPROD;20000101
1227;5;MELDING "TEVEEL HITS";1;0;41;19950511;NULL;NULL;NOPROD;20000101
1227;9;FOUTBERICHT INCLUSIEF FOUTCODE;1;0;41;19950511;NULL;NULL;NOPROD;20000101
1228;1;AANVRAAG HIT-LIJST;0;0;41;19950511;NULL;NULL;NOPROD;20000101
1228;2;COMPLETE HIT-LIJST;1;0;41;19950511;NULL;NULL;NOPROD;20000101
1228;3;DEEL VAN DE HITLIJST;1;0;41;19950511;NULL;NULL;NOPROD;20000101
1228;4;AANVRAAG VERVOLG HIT-LIJST;0;0;41;19950511;NULL;NULL;NOPROD;20000101
1228;5;MELDING "TEVEEL HITS";1;0;41;19950511;NULL;NULL;NOPROD;20000101
1228;9;FOUTBERICHT INCLUSIEF FOUTCODE;1;0;41;19950511;NULL;NULL;NOPROD;20000101
1229;1;AANVRAAG HIT-LIJST;0;0;41;19950511;NULL;NULL;NOPROD;20000101
1229;2;COMPLETE HIT-LIJST;1;0;41;19950511;NULL;NULL;NOPROD;20000101
1229;3;DEEL VAN HIT-LIJST;1;0;41;19950511;NULL;NULL;NOPROD;20000101
1229;4;AANVRAAG VERVOLG HIT-LIJST;0;0;41;19950511;NULL;NULL;NOPROD;20000101
1229;5;MELDING "TEVEEL HITS";1;0;41;19950511;NULL;NULL;NOPROD;20000101
1229;9;FOUTBERICHT INCLUSIEF FOUTCODE;1;0;41;19950511;NULL;NULL;NOPROD;20000101
1230;1;AANVRAAG HIT-LIJST;0;0;41;19950511;NULL;NULL;NOPROD;20000101
1230;2;COMPLETE HIT-LIJST;1;0;41;19950511;NULL;NULL;NOPROD;20000101
1230;3;DEEL VAN DE HIT-LIJST;1;0;41;19950511;NULL;NULL;NOPROD;20000101
1230;4;AANVRAAG VERVOLG HIT-LIJST;0;0;41;19950511;NULL;NULL;NOPROD;20000101
1230;5;MELDING "TEVEEL HITS";1;0;41;19950511;NULL;NULL;NOPROD;20000101
1230;9;FOUTBERICHT INCLUSIEF FOUTCODE;1;0;41;19950511;NULL;NULL;NOPROD;20000101
1231;2;VOERTUIG DETAILINFORMATIE;1;0;25;19950511;NULL;NULL;NOPROD;20000101
1231;9;FOUTBERICHT INCLUSIEF FOUTCODE;1;0;25;19950511;NULL;NULL;NOPROD;20000101
1231;11;AANVRAAG VRTG DETAILINFORMATIE;0;0;25;19950511;NULL;NULL;NOPROD;20000101
1232;1;AANVRAAG SELECTIE-OVZ GST-VRTG;0;0;41;19950511;NULL;NULL;NOPROD;20000101
1232;2;ONTVANGSTBEVESTIGING AANVRAAG;1;0;41;19950511;NULL;NULL;NOPROD;20000101
1232;9;FOUTBERICHT INCLUSIEF FOUTCODE;1;0;41;19950511;NULL;NULL;NOPROD;20000101
1233;1;AANVRAAG STAT-OVZ MOTORV-VRTG;0;0;41;19950511;NULL;NULL;NOPROD;20000101
1233;2;ONTVANGSTBEVESTIGING AANVRAAG;1;0;41;19950511;NULL;NULL;NOPROD;20000101
1233;9;FOUTBERICHT INCLUSIEF FOUTCODE;1;0;41;19950511;NULL;NULL;NOPROD;20000101
1235;1;AANVRAAGBERICHT;0;0;37;19970627;NULL;NULL;NOPROD;20000101
1235;2;GEVRAAGDE GEGEVENS;1;0;37;19970627;NULL;NULL;30110703;20030101
1235;9;MISLUKT BERICHT;1;0;37;19970627;NULL;NULL;30110703;20030101
1239;1;VERFRISSING ZONDER RDW-MACHT;0;0;0;20000509;NULL;NULL;30220106;20050420
1239;2;?;1;0;0;20000509;NULL;NULL;NOPROD;20000101
1302;8;ANTWOORDBERICHT;1;0;0;20000509;NULL;NULL;NOPROD;20000101
1302;9;FOUTMELDING;1;0;0;20000509;NULL;NULL;NOPROD;20000101
1320;8;ANTWOORD GOED;1;0;103;20031016;NULL;NULL;NOPROD;20020101
1320;9;FOUT;1;0;103;20031016;NULL;NULL;NOPROD;20020101
1321;8;ANTWOORD GOED;1;0;104;20031016;NULL;NULL;NOPROD;20020101
1321;9;FOUT;1;0;104;20031016;NULL;NULL;NOPROD;20020101
1325;1;INKOMEND;0;0;84;20040322;NULL;NULL;NOPROD;20040101
1325;8;GOED UITGAAND;1;0;84;20040322;NULL;NULL;30110703;20040101
1325;9;FOUT UITGAAND;1;0;84;20040322;NULL;NULL;NOPROD;20040101
1332;1;AANVRAAG;0;0;107;20051027;NULL;NULL;NOPROD;20040101
1332;8;ANTWOORDBERICHT;1;0;107;20060201;NULL;NULL;30113001;20050928
1332;9;FOUTBERICHT;1;0;107;20060201;NULL;NULL;NOPROD;20040101
1333;1;AANVRAAG;1;0;105;20051027;NULL;NULL;NOPROD;20040101
1333;2;INTERN RDW;0;0;105;20060504;NULL;NULL;NOPROD;20040101
1333;3;INTERN RDW;1;0;105;20060504;NULL;NULL;NOPROD;20040101
1333;8;ANTWOORDBERICHT;1;0;105;20060201;NULL;NULL;30113002;20050928
1333;9;FOUTBERICHT;1;0;105;20060201;NULL;NULL;NOPROD;20040101
1334;1;AANVRAAG;0;0;106;20060201;NULL;NULL;NOPROD;20040101
1334;8;ANTWOORDBERICHT;1;0;106;20060201;NULL;NULL;30113051;20050929
1334;9;FOUTBERICHT;1;0;106;20060201;NULL;NULL;NOPROD;20040101
1335;1;AANVRAAG;0;0;109;20051027;NULL;NULL;NOPROD;20040101
1335;2;INTERN RDW;0;0;109;20060504;NULL;NULL;NOPROD;20040101
1335;3;INTERN RDW;1;0;109;20060504;NULL;NULL;NOPROD;20040101
1335;8;ANTWOORDBERICHT;1;0;109;20060201;NULL;NULL;30113101;20050928
1335;9;FOUTBERICHT;1;0;109;20060201;NULL;NULL;NOPROD;20040101
1336;1;AANVRAAG;0;0;109;20051027;NULL;NULL;NOPROD;20040101
1336;8;ANTWOORDBERICHT;1;0;109;20060201;NULL;NULL;30113102;20050928
1336;9;FOUTBERICHT;1;0;109;20060201;NULL;NULL;NOPROD;20040101
1337;1;AANVRAAG;0;0;109;20051027;NULL;NULL;NOPROD;20040101
1337;2;INTERN RDW;0;0;109;20060504;NULL;NULL;NOPROD;20040101
1337;3;INTERN RDW;1;0;109;20060504;NULL;NULL;NOPROD;20040101
1337;7;INTERN RDW;1;0;109;20060504;NULL;NULL;NOPROD;20040101
1337;8;ANTWOORDBERICHT;1;0;109;20060201;NULL;NULL;30113103;20050928
1337;9;FOUTBERICHT;1;0;109;20060201;NULL;NULL;NOPROD;20040101
1338;1;AANVRAAG;0;0;109;20051027;NULL;NULL;NOPROD;20040101
1338;8;ANTWOORDBERICHT;1;0;109;20060201;NULL;NULL;30113104;20050928
1338;9;FOUTBERICHT;1;0;109;20060201;NULL;NULL;NOPROD;20040101
1339;1;AANVRAAG;0;0;109;20051027;NULL;NULL;NOPROD;20040101
1339;8;ANTWOORDBERICHT;1;0;109;20060201;NULL;NULL;30113105;20050928
1339;9;FOUTBERICHT;1;0;109;20060201;NULL;NULL;NOPROD;20040101
1340;1;AANVRAAG;0;0;109;20051027;NULL;NULL;NOPROD;20040101
1340;8;ANTWOORDBERICHT;1;0;109;20060201;NULL;NULL;30113106;20050928
1340;9;FOUTBERICHT;1;0;109;20060201;NULL;NULL;NOPROD;20040101
1341;1;AANVRAAG;0;0;109;20051027;NULL;NULL;NOPROD;20040101
1341;8;ANTWOORDBERICHT;1;0;109;20060201;NULL;NULL;30113107;20050928
1341;9;FOUTBERICHT;1;0;109;20060201;NULL;NULL;NOPROD;20040101
1342;1;AANVRAAG;0;0;109;20051027;NULL;NULL;NOPROD;20040101
1342;8;ANTWOORDBERICHT;1;0;109;20060201;NULL;NULL;30113108;20050928
1342;9;FOUTBERICHT;1;0;109;20060201;NULL;NULL;NOPROD;20040101
1343;1;AANVRAAG;0;0;107;20051027;NULL;NULL;NOPROD;20040101
1343;8;ANTWOORDBERICHT;1;0;107;20060201;NULL;NULL;30113003;20050928
1343;9;FOUTBERICHT;1;0;107;20060201;NULL;NULL;NOPROD;20040101
1344;1;AANVRAAG;0;0;109;20051027;NULL;NULL;NOPROD;20040101
1344;8;ANTWOORDBERICHT;1;0;109;20060201;NULL;NULL;30113109;20050928
1344;9;FOUTBERICHT;1;0;109;20060201;NULL;NULL;NOPROD;20040101
1345;1;AANVRAAG;0;0;109;20051027;NULL;NULL;NOPROD;20040101
1345;8;ANTWOORDBERICHT;1;0;109;20060201;NULL;NULL;30113110;20050928
1345;9;FOUTBERICHT;1;0;109;20060201;NULL;NULL;NOPROD;20040101
1346;1;AANVRAAG;0;0;109;20051027;NULL;NULL;NOPROD;20040101
1346;8;ANTWOORDBERICHT;1;0;109;20060201;NULL;NULL;30113004;20050928
1346;9;FOUTBERICHT;1;0;109;20060201;NULL;NULL;NOPROD;20040101
1347;1;AANVRAAG;0;0;107;20051027;NULL;NULL;NOPROD;20040101
1347;8;ANTWOORDBERICHT;1;0;107;20060201;NULL;NULL;30113005;20050928
1347;9;FOUTBERICHT;1;0;107;20060201;NULL;NULL;NOPROD;20040101
1348;1;AANVRAAG;0;0;108;20060201;NULL;NULL;NOPROD;20040101
1348;8;ANTWOORDBERICHT;1;0;108;20060201;NULL;NULL;30113052;20050929
1348;9;FOUTBERICHT;1;0;108;20060201;NULL;NULL;NOPROD;20040101
1349;1;AANVRAAG;1;0;110;20060201;NULL;NULL;NOPROD;20040101
1349;8;ANTWOORDBERICHT;1;0;110;20060201;NULL;NULL;30113151;20050928
1349;9;FOUTBERICHT;1;0;110;20060201;NULL;NULL;NOPROD;20040101
1350;1;AANVRAAG;0;0;107;20051027;NULL;NULL;NOPROD;20040101
1350;8;ANTWOORDBERICHT;1;0;107;20060201;NULL;NULL;30113006;20050930
1350;9;FOUTBERICHT;1;0;107;20060201;NULL;NULL;NOPROD;20040101
1352;1;AANVRAAG;0;0;110;20060201;NULL;NULL;NOPROD;20040101
1352;8;ANTWOORDBERICHT;1;0;110;20060201;NULL;NULL;30113053;20050929
1352;9;FOUTBERICHT;1;0;110;20060201;NULL;NULL;NOPROD;20040101
1353;1;AANVRAAG;0;0;106;20051027;NULL;NULL;NOPROD;20040101
1353;2;AANVRAAG;0;0;106;20060504;NULL;NULL;NOPROD;20040101
1353;3;ANTWOORDBERICHT;1;0;106;20060504;NULL;NULL;NOPROD;20040101
1353;4;AANVRAAG;0;0;106;20060504;NULL;NULL;NOPROD;20040101
1353;5;ANTWOORDBERICHT;1;0;106;20060504;NULL;NULL;NOPROD;20040101
1353;6;AANVRAAG;0;0;106;20060504;NULL;NULL;NOPROD;20040101
1353;7;ANTWOORDBERICHT;1;0;106;20060504;NULL;NULL;NOPROD;20040101
1353;8;ANTWOORDBERICHT;1;0;106;20060201;NULL;NULL;30113054;20050929
1353;9;FOUTBERICHT;1;0;106;20060201;NULL;NULL;NOPROD;20040101
1354;1;AANVRAAG;0;0;110;20051027;NULL;NULL;NOPROD;20040101
1354;2;INTERN RDW;0;0;110;20060504;NULL;NULL;NOPROD;20040101
1354;3;INTERN RDW;1;0;110;20060504;NULL;NULL;NOPROD;20040101
1354;8;ANTWOORDBERICHT;1;0;110;20060201;NULL;NULL;30113152;20050928
1354;9;FOUTBERICHT;1;0;110;20060201;NULL;NULL;NOPROD;20040101
1355;1;AANVRAAG;0;0;110;20060201;NULL;NULL;NOPROD;20040101
1355;8;ANTWOORDBERICHT;1;0;110;20060201;NULL;NULL;30113153;20050928
1355;9;FOUTBERICHT;1;0;110;20060201;NULL;NULL;NOPROD;20040101
1356;1;AANVRAAG;0;0;108;20051027;NULL;NULL;NOPROD;20040101
1356;8;ANTWOORDBERICHT;1;0;108;20060201;NULL;NULL;30113055;20050928
1356;9;FOUTBERICHT;1;0;108;20060201;NULL;NULL;NOPROD;20040101
1357;1;AANVRAAG;0;0;107;20051027;NULL;NULL;NOPROD;20040101
1357;8;ANTWOORDBERICHT;1;0;107;20060201;NULL;NULL;30113007;20050928
1357;9;FOUTBERICHT;1;0;107;20060201;NULL;NULL;NOPROD;20040101
1378;1;AANVRAAG;0;0;117;20051027;NULL;NULL;NOPROD;20040101
1378;8;ANTWOORDBERICHT;1;0;117;20060201;NULL;NULL;NOPROD;20040101
1474;1;AANVRAAGBERICHT;0;0;25;20070411;NULL;NULL;NOPROD;20040101
1474;2;ANTWOORDBERICHT;1;0;25;20070411;NULL;NULL;30214102;20050101
1474;4;HERBEVESTIGING;1;0;25;20070411;NULL;NULL;NOPROD;20040101
1474;9;FOUTBERICHT;1;0;25;20070411;NULL;NULL;NOPROD;20040101
1475;1;AANVRAAGBERICHT;0;0;25;20070411;NULL;NULL;NOPROD;20040101
1475;2;ANTWOORDBERICHT;1;0;25;20070411;NULL;NULL;30211207;20070101
1475;3;HERBEVESTIGING;1;0;25;20070411;NULL;NULL;NOPROD;20040101
1475;4;?;1;0;25;20070411;NULL;NULL;NOPROD;20040101
1475;9;FOUTBERICHT;1;0;25;20070411;NULL;NULL;NOPROD;20040101
1487;1;AANVRAAGBERICHT;0;0;0;20060410;NULL;NULL;NOPROD;20040101
1487;7;ANTWOORD;1;0;0;20051128;NULL;NULL;30110703;20050101
1487;9;FOUT BERICHT;1;0;0;20060126;NULL;NULL;NOPROD;20040101
1488;1;AANVRAAGBERICHT;0;0;0;20060410;NULL;NULL;NOPROD;20040101
1488;7;ANTWOORD;1;0;0;20051128;NULL;NULL;30110703;20050101
1488;9;FOUT BERICHT;1;0;0;20060126;NULL;NULL;NOPROD;20040101
1489;7;ANTWOORD;1;0;0;20051128;NULL;NULL;30110703;20050101
1489;9;FOUTBERICHT;1;0;0;20060213;NULL;NULL;NOPROD;20040101
1492;7;ANTWOORDBERICHT;1;0;0;20060202;NULL;NULL;30110703;20050101
1541;1;AANVRAAG BET/UITV RECHT BESL;0;0;0;20040907;NULL;NULL;NOPROD;20040101
1541;2;AANVRAAG DOORRIJDEN NA TANKEN;0;0;0;20040907;NULL;NULL;NOPROD;20040101
1541;7;ANTWOORD BET/UITV RECHT BESL;1;0;0;20040907;NULL;NULL;NOPROD;20040101
1541;8;ANTWOORD DOORRIJDEN NA TANKEN;1;0;0;20040907;NULL;NULL;30111402;20040903
1541;9;FOUT;1;0;0;20040907;NULL;NULL;NOPROD;20040101
1542;1;VRAAG BET/UITV RECHT BESL;0;0;0;20040907;NULL;NULL;NOPROD;20040101
1542;2;VRAAG DOORRIJDEN NA TANKEN;0;0;0;20040907;NULL;NULL;NOPROD;20040101
1542;7;ANTWOORD BET/UITV RECHT BESL;1;0;0;20040907;NULL;NULL;30111401;20040903
1542;8;ANTWOORD DOORRIJDEN NA TANKEN;1;0;0;20040907;NULL;NULL;30111402;20040903
1542;9;FOUT;1;0;0;20040907;NULL;NULL;NOPROD;20040101
1573;1;TENAAMSTELLEN NP MET RIJBEWIJS;0;0;0;20050606;NULL;NULL;30220101;20050527
1573;3;TENAAMSTELLING VB;0;0;0;20070104;NULL;NULL;30220401;20070101
1574;1;TENAAMSTELLEN NP MET PASPOORT;0;0;0;20050606;NULL;NULL;30220102;20050527
1575;1;TENAAMSTELLEN KVK-INGESCH. RP;0;0;0;20050606;NULL;NULL;30220103;20050527
1575;3;TENAAMSTELLING VB;0;0;0;20070104;NULL;NULL;30220401;20070101
1576;1;TENAAMSTELLING PURK;0;0;0;20050606;NULL;NULL;30220104;20050527
1577;1;OPNAME IN BEDRIJFSVOORRAAD;0;0;0;20050606;NULL;NULL;30221102;20050527
1595;1;AANVRAAGBERICHT;0;0;0;20061206;NULL;NULL;NOPROD;20040101
1595;8;ANTWOORDBERICHT;1;0;0;20061206;NULL;NULL;NOPROD;20040101
1595;9;ANTWOORDBERICHT;1;0;0;20061206;NULL;NULL;30120703;20050527
1599;1;AANVRAAGBERICHT;0;0;0;20060410;NULL;NULL;NOPROD;20040101
1599;2;ANTWOORDBERICHT;1;0;0;20060410;NULL;NULL;NOPROD;20040101
1599;9;FOUTBERICHT;1;0;0;20060410;NULL;NULL;NOPROD;20040101
1600;1;AANVRAAGBERICHT;0;0;0;20060410;NULL;NULL;NOPROD;20040101
1600;2;ANTWOORDBERICHT;1;0;0;20060202;NULL;NULL;30120703;20050527
1600;9;FOUTBERICHT;1;0;0;20060410;NULL;NULL;NOPROD;20040101
1606;1;AANVRAAGBERICHT;0;0;0;20050707;NULL;NULL;39212801;20050706
1607;1;AANVRAAGBERICHT;0;0;0;20050707;NULL;NULL;39212801;20050706
1608;1;AANVRAAGBERICHT;0;0;0;20050707;NULL;NULL;39212801;20050706
1609;1;AANVRAAGBERICHT;0;0;0;20050707;NULL;NULL;39212801;20050706
1618;1;AANVRAAG;0;0;160;20060201;NULL;NULL;NOPROD;20040101
1618;8;ANTWOORDBERICHT;1;0;160;20060201;NULL;NULL;30113201;20050928
1618;9;FOUTBERICHT;1;0;160;20060201;NULL;NULL;NOPROD;20040101
1619;1;AANVRAAG;0;0;160;20060201;NULL;NULL;NOPROD;20040101
1619;8;ANTWOORDBERICHT;1;0;160;20060201;NULL;NULL;30113202;20050928
1619;9;FOUTBERICHT;1;0;160;20060201;NULL;NULL;NOPROD;20040101
1620;1;AANVRAAG;0;0;161;20060201;NULL;NULL;NOPROD;20040101
1620;8;ANTWOORDBERICHT;1;0;161;20060201;NULL;NULL;30113203;20050928
1620;9;FOUTBERICHT;1;0;161;20060201;NULL;NULL;NOPROD;20040101
1621;1;AANVRAAG;0;0;160;20060201;NULL;NULL;NOPROD;20040101
1621;8;ANTWOORDBERICHT;1;0;160;20060201;NULL;NULL;30113204;20050928
1621;9;FOUTBERICHT;1;0;160;20060201;NULL;NULL;NOPROD;20040101
1622;1;AANVRAAG;0;0;107;20060201;NULL;NULL;NOPROD;20040101
1622;8;ANTWOORDBERICHT;1;0;107;20060201;NULL;NULL;30113205;20050928
1622;9;FOUTBERICHT;1;0;107;20060201;NULL;NULL;NOPROD;20040101
1623;1;AANVRAAG;0;0;57;20060201;NULL;NULL;NOPROD;20040101
1623;8;ANTWOORDBERICHT;1;0;57;20060201;NULL;NULL;30113205;20050928
1623;9;FOUTBERICHT;1;0;57;20060201;NULL;NULL;NOPROD;20040101
1650;1;AANVRAAGBERICHT;0;0;167;20060822;NULL;NULL;NOPROD;20040101
1650;2;ANTWOORDBERICHT;1;0;167;20060822;NULL;NULL;NOPROD;20040101
1650;9;FOUTBERICHT;1;0;167;20060822;NULL;NULL;NOPROD;20040101
1651;1;AANVRAAGBERICHT;0;0;167;20060822;NULL;NULL;NOPROD;20040101
1651;2;AANVRAAGBERICHT;0;0;167;20060822;NULL;NULL;NOPROD;20040101
1651;8;ANTWOORDBERICHT;1;0;167;20060822;NULL;NULL;NOPROD;20040101
1651;9;FOUTBERICHT;1;0;167;20060822;NULL;NULL;NOPROD;20040101
1652;1;AANVRAAGBERICHT;0;0;168;20060822;NULL;NULL;NOPROD;20040101
1652;2;ANTWOORDBERICHT;1;0;168;20060822;NULL;NULL;NOPROD;20040101
1652;9;FOUTBERICHT;1;0;168;20060822;NULL;NULL;NOPROD;20040101
1653;1;AANVRAAGBERICHT;0;0;169;20060822;NULL;NULL;NOPROD;20040101
1653;2;ANTWOORDBERICHT;1;0;169;20060822;NULL;NULL;NOPROD;20040101
1653;9;FOUTBERICHT;1;0;169;20060822;NULL;NULL;NOPROD;20040101
1654;1;AANVRAAGBERICHT;0;0;169;20060822;NULL;NULL;NOPROD;20040101
1654;2;ANTWOORDBERICHT;1;0;169;20060822;NULL;NULL;NOPROD;20040101
1654;9;FOUTBERICHT;1;0;169;20060822;NULL;NULL;NOPROD;20040101
1655;1;AANVRAAGBERICHT;0;0;169;20060822;NULL;NULL;NOPROD;20040101
1655;2;ANTWOORDBERICHT;1;0;169;20060822;NULL;NULL;NOPROD;20040101
1655;9;FOUTBERICHT;1;0;169;20060822;NULL;NULL;NOPROD;20040101
1656;1;AANVRAAGBERICHT;0;0;169;20060822;NULL;NULL;NOPROD;20040101
1656;2;ANTWOORDBERICHT;1;0;169;20060822;NULL;NULL;NOPROD;20040101
1656;9;FOUTBERICHT;1;0;169;20060822;NULL;NULL;NOPROD;20040101
1657;1;AANVRAAGBERICHT;0;0;169;20060822;NULL;NULL;NOPROD;20040101
1657;2;ANTWOORDBERICHT;1;0;169;20060822;NULL;NULL;NOPROD;20040101
1657;9;FOUTBERICHT;1;0;169;20060822;NULL;NULL;NOPROD;20040101
1658;1;AANVRAAGBERICHT;0;0;169;20060822;NULL;NULL;NOPROD;20040101
1658;2;ANTWOORDBERICHT;1;0;169;20060822;NULL;NULL;NOPROD;20040101
1658;9;FOUTBERICHT;1;0;169;20060822;NULL;NULL;NOPROD;20040101
1659;1;AANVRAAGBERICHT;0;0;169;20060821;NULL;NULL;NOPROD;20040101
1659;2;ANTWOORDBERICHT;1;0;169;20060821;NULL;NULL;NOPROD;20040101
1659;9;FOUTBERICHT;1;0;169;20060821;NULL;NULL;NOPROD;20040101
1660;1;AANVRAAGBERICHT;0;0;169;20060821;NULL;NULL;NOPROD;20040101
1660;2;ANTWOORDBERICHT;1;0;169;20060821;NULL;NULL;NOPROD;20040101
1660;9;FOUTBERICHT;1;0;169;20060821;NULL;NULL;NOPROD;20040101
1688;1;AANVRAAG;0;0;0;20080401;NULL;NULL;NOPROD;20040101
1688;2;AANVRAAG MET A-NUMMER;0;0;0;20060501;NULL;NULL;NOPROD;20040101
1688;3;AANVRAAG SOFI-NUMMER;0;0;0;20060501;NULL;NULL;NOPROD;20040101
1688;8;ANTWOORD MET NATUURL.PERSOON;1;0;0;20060501;NULL;NULL;30131211;20080401
1688;9;FOUTBERICHT;1;0;0;20080401;NULL;NULL;NOPROD;20040101
1689;1;AANVRAAG UITGEBREID;0;0;0;20060501;NULL;NULL;NOPROD;20040101
1689;8;ANTWOORD MET NAT PERS;1;0;0;20060501;NULL;NULL;NOPROD;20040101
1705;1;AANVRAAGBERICHT;0;0;188;20060821;NULL;NULL;NOPROD;20040101
1705;2;ANTWOORDBERICHT;1;0;188;20060821;NULL;NULL;NOPROD;20040101
1705;9;FOUTBERICHT;1;0;188;20060821;NULL;NULL;NOPROD;20040101
1706;1;AANVRAAGBERICHT;0;0;189;20060821;NULL;NULL;NOPROD;20040101
1706;2;ANTWOORDBERICHT;1;0;189;20060821;NULL;NULL;NOPROD;20040101
1706;9;FOUTBERICHT;1;0;189;20060821;NULL;NULL;NOPROD;20040101
1708;1;AANVRAAGBERICHT;0;0;189;20060821;NULL;NULL;NOPROD;20040101
1708;2;ANTWOORDBERICHT;1;0;189;20060821;NULL;NULL;NOPROD;20040101
1708;9;FOUTBERICHT;1;0;189;20060821;NULL;NULL;NOPROD;20040101
1716;1;AANVRAAGBERICHT;0;0;189;20060821;NULL;NULL;NOPROD;20040101
1716;2;ANTWOORDBERICHT;1;0;189;20060821;NULL;NULL;NOPROD;20040101
1716;9;FOUTBERICHT;1;0;189;20060821;NULL;NULL;NOPROD;20040101
1722;1;AANVRAAGBERICHT;0;0;191;20060822;NULL;NULL;NOPROD;20040101
1722;2;ANTWOORDBERICHT;1;0;191;20060822;NULL;NULL;NOPROD;20040101
1722;9;FOUTBERICHT;1;0;191;20060822;NULL;NULL;NOPROD;20040101
1736;1;AANVRAAGBERICHT;0;0;0;20060410;NULL;NULL;NOPROD;20040101
1736;2;ANTWOORDEBERICHT;1;0;0;20060202;NULL;NULL;30110703;20050101
1736;9;FOUTBERICHT;1;0;0;20060410;NULL;NULL;NOPROD;20040101
1737;1;AANVRAAGBERICHT;0;0;0;20060410;NULL;NULL;NOPROD;20040101
1737;2;ANTWOORDBERICHT;1;0;0;20060202;NULL;NULL;NOPROD;20040101
1737;9;FOUTBERICHT;1;0;0;20060410;NULL;NULL;NOPROD;20040101
1738;1;AANVRAAGBERICHT;0;0;0;20060410;NULL;NULL;NOPROD;20040101
1738;2;ANTWOORDBERICHT;1;0;0;20060202;NULL;NULL;NOPROD;20040101
1738;9;FOUTBERICHT;1;0;0;20060410;NULL;NULL;NOPROD;20040101
1757;1;AANVRAAGBERICHT;0;0;204;20060821;NULL;NULL;NOPROD;20040101
1757;2;ANTWOORDBERICHT;1;0;204;20060821;NULL;NULL;NOPROD;20040101
1757;9;FOUTBERICHT;1;0;204;20060821;NULL;NULL;NOPROD;20040101
1758;1;AANVRAAGBERICHT;0;0;189;20060821;NULL;NULL;NOPROD;20040101
1758;2;ANTWOORDBERICHT;1;0;189;20060821;NULL;NULL;NOPROD;20040101
1758;9;FOUTBERICHT;1;0;189;20060821;NULL;NULL;NOPROD;20040101
1759;1;AANVRAAGBERICHT;0;0;204;20060821;NULL;NULL;NOPROD;20040101
1759;2;ANTWOORDBERICHT;1;0;204;20060821;NULL;NULL;NOPROD;20040101
1759;9;FOUTBERICHT;1;0;204;20060821;NULL;NULL;NOPROD;20040101
1762;2;ANTWOORDBERICHT;1;0;48;20060822;NULL;NULL;NOPROD;20040101
1762;9;FOUTBERICHT;1;0;48;20060822;NULL;NULL;NOPROD;20040101
1764;1;AANVRAAGBERICHT;0;0;208;20060821;NULL;NULL;NOPROD;20040101
1764;2;ANTWOORDBERICHT;1;0;208;20060821;NULL;NULL;NOPROD;20040101
1764;9;FOUTBERICHT;1;0;208;20060821;NULL;NULL;NOPROD;20040101
1765;1;AANVRAAGBERICHT;0;0;208;20060821;NULL;NULL;NOPROD;20040101
1765;2;ANTWOORDBERICHT;1;0;208;20060821;NULL;NULL;NOPROD;20040101
1765;9;FOUTBERICHT;1;0;208;20060821;NULL;NULL;NOPROD;20040101
1766;1;AANVRAAGBERICHT;0;0;208;20060821;NULL;NULL;NOPROD;20040101
1766;2;ANTWOORDBERICHT;1;0;208;20060821;NULL;NULL;NOPROD;20040101
1766;9;FOUTBERICHT;1;0;208;20060821;NULL;NULL;NOPROD;20040101
1794;1;AANVRAAGBERICHT;0;0;211;20060821;NULL;NULL;NOPROD;20040101
1794;2;ANTWOORDBERICHT;1;0;211;20060821;NULL;NULL;NOPROD;20040101
1794;9;FOUTBERICHT;1;0;211;20060821;NULL;NULL;NOPROD;20040101
1888;1;INLEZEN CD-ROMS;0;0;0;20060504;NULL;NULL;NOPROD;20040101
1888;8;TERUGSTUREN UITVALBESTAND;1;0;0;20060504;NULL;NULL;NOPROD;20040101
1888;9;TERUGSTUREN FOUTENVERSLAG;1;0;0;20060504;NULL;NULL;NOPROD;20040101
1895;1;AANVRAAGBERICHT;0;0;241;20060628;NULL;NULL;NOPROD;20040101
1895;8;ANTWOORDBERICHT;1;0;241;20060628;NULL;NULL;NOPROD;20040101
1895;9;FOUTBERICHT;1;0;241;20060628;NULL;NULL;NOPROD;20040101
1896;1;AANVRAAG BERICHT;0;0;241;20060628;NULL;NULL;NOPROD;20040101
1896;8;ANTWOORDBERICHT;1;0;241;20060628;NULL;NULL;NOPROD;20040101
1896;9;FOUTBERICHT;1;0;214;20060628;NULL;NULL;NOPROD;20040101
1899;8;ANTWOORDBERICHT;1;0;0;20060530;NULL;NULL;NOPROD;20040101
1899;9;FOUTBERICHT;1;0;0;20060530;NULL;NULL;NOPROD;20040101
1902;1;AANVRAAG;0;0;0;20070124;NULL;NULL;NOPROD;20040101
1902;8;ANTWOORD;1;0;0;20070124;NULL;NULL;NOPROD;20040101
1907;1;AANVRAAGBERICHT;0;0;167;20060822;NULL;NULL;NOPROD;20040101
1907;2;ANTWOORDBERICHT;1;0;167;20060822;NULL;NULL;NOPROD;20040101
1907;9;FOUTBERICHT;1;0;167;20060822;NULL;NULL;NOPROD;20040101
1908;1;AANVRAAGBERICHT;0;0;169;20060822;NULL;NULL;NOPROD;20040101
1908;2;ANTWOORDBERICHT;1;0;169;20060822;NULL;NULL;NOPROD;20040101
1908;9;FOUTBERICHT;1;0;169;20060822;NULL;NULL;NOPROD;20040101
1909;1;AANVRAAGBERICHT;0;0;169;20060822;NULL;NULL;NOPROD;20040101
1909;2;ANTWOORDBERICHT;1;0;169;20060822;NULL;NULL;NOPROD;20040101
1909;9;FOUTBERICHT;1;0;169;20060822;NULL;NULL;NOPROD;20040101
1914;1;AANVRAAGBERICHT;0;0;191;20060822;NULL;NULL;NOPROD;20040101
1914;2;ANTWOORDBERICHT;1;0;191;20060822;NULL;NULL;NOPROD;20040101
1914;9;FOUTBERICHT;1;0;191;20060822;NULL;NULL;NOPROD;20040101
1923;1;AANVRAAGBERICHT;0;0;243;20060628;NULL;NULL;NOPROD;20040101
1923;8;ANTWOORDBERICHT;1;0;243;20060628;NULL;NULL;NOPROD;20040101
1923;9;FOUTBERICHT;1;0;243;20060628;NULL;NULL;NOPROD;20040101
1924;1;AANVRAAGBERICHT;0;0;244;20060628;NULL;NULL;NOPROD;20040101
1924;8;ANTWOORDBERICHT;1;0;244;20060628;NULL;NULL;NOPROD;20040101
1924;9;FOUTBERICHT;1;0;244;20060628;NULL;NULL;NOPROD;20040101
1925;1;ANTWOORDBERICHT;0;0;244;20060628;NULL;NULL;NOPROD;20040101
1925;8;ANTWOORDBERICHT;1;0;244;20060628;NULL;NULL;NOPROD;20040101
1925;9;FOUTBERICHT;1;0;244;20060628;NULL;NULL;NOPROD;20040101
1926;1;ANTWOORDBERICHT;0;0;244;20060628;NULL;NULL;NOPROD;20040101
1926;8;ANTWOORDBERICHT;1;0;244;20060628;NULL;NULL;NOPROD;20040101
1926;9;FOUTBERICHT;1;0;244;20060628;NULL;NULL;NOPROD;20040101
1971;1;AANVRAAG BERICHT;0;0;65;20061023;NULL;NULL;NOPROD;20040101
1971;2;ANTWOORDBERICHT;1;0;65;20061023;NULL;NULL;NOPROD;20040101
1971;9;FOUTBERICHT;1;0;65;20061023;NULL;NULL;NOPROD;20040101
1995;1;VBV BKR DAGELIJKS ABN 86/87;0;0;0;20061117;NULL;NULL;30112103;20061101
1996;1;VBV MOB DAGELIJKS ABN 86/87;0;0;0;20061117;NULL;NULL;30112103;20061101
2011;1;AANVRAAGBERICHT;0;0;0;20061122;NULL;NULL;NOPROD;20040101
2011;2;ANTWOORDBERICHT;1;0;0;20061122;NULL;NULL;30110703;20050101
2011;9;FOUTBERICHT;1;0;0;20061122;NULL;NULL;NOPROD;20040101
2034;1;FUP-02;0;0;3;20070425;NULL;NULL;30112202;20070209
2034;8;ANTWOORDBERICHT;1;0;0;20070425;NULL;NULL;NOPROD;20040101
2035;1;FUP-01;0;0;3;20070425;NULL;NULL;30112202;20070209
2035;8;ANTWOORDBERICHT;1;0;0;20070425;NULL;NULL;NOPROD;20040101
2039;1; FUP-03;0;0;3;20070425;NULL;NULL;30112202;20070209
2039;8;ANTWOORDBERICHT;1;0;0;20070425;NULL;NULL;NOPROD;20040101
2040;1;FUP-04;0;0;3;20070425;NULL;NULL;30112202;20070209
2040;8;ANTWOORDBERICHT;1;0;0;20070425;NULL;NULL;NOPROD;20040101
2049;1;AANVRAAGBERICHT;0;0;24;20070411;NULL;NULL;NOPROD;20040101
2049;2;GESLAAGD;1;0;24;20070411;NULL;NULL;NOPROD;20040101
2049;9;MISLUKT;1;0;24;20070411;NULL;NULL;NOPROD;20040101
2050;8;ANTWOORDBERICHT;1;0;0;20070411;NULL;NULL;NOPROD;20040101
2050;9;FOUTMELDING;1;0;0;20070411;NULL;NULL;NOPROD;20040101
2071;1;AANVRAAGBERICHT;0;0;0;20071024;NULL;NULL;NOPROD;20040101
2071;7;ANTWOORD;1;0;0;20071024;NULL;NULL;NOPROD;20040101
2071;9;FOUT BERICHT;1;0;0;20071024;NULL;NULL;NOPROD;20040101
2072;1;AANVRAAGBERICHT;0;0;0;20071024;NULL;NULL;NOPROD;20040101
2072;7;ANTWOORD;1;0;0;20071024;NULL;NULL;30110703;20050101
2072;9;FOUT BERICHT;1;0;0;20071024;NULL;NULL;NOPROD;20040101
2090;1;INKOMEND BERICHT;0;0;0;20070410;NULL;NULL;NOPROD;20040101
2090;2;ANTWOORDBERICHT;1;0;0;20070410;NULL;NULL;30110703;20050101
2090;9;FOUT;1;0;0;20070410;NULL;NULL;30110703;20050101
2098;1;AANVRAAGBERICHT;0;0;22;20070411;NULL;NULL;NOPROD;20040101
2098;2;GESLAAGD;1;0;22;20070411;NULL;NULL;30120703;20050527
2098;9;FOUTMELDING;1;0;22;20070411;NULL;NULL;30120703;20050527
2099;1;AANVRAAGBERICHT;0;0;26;20070411;NULL;NULL;NOPROD;20040101
2099;2;?;1;0;26;20070411;NULL;NULL;NOPROD;20040101
2099;4;?;1;0;26;20070411;NULL;NULL;NOPROD;20040101
2099;8;ANTWOORDBERICHT;1;0;26;20070411;NULL;NULL;30221101;20060101
2099;9;MISLUKT;1;0;26;20070411;NULL;NULL;NOPROD;20040101
2099;17;AFGEWEZEN IVM HANDELSVOORRAAD;1;0;26;20070411;NULL;NULL;NOPROD;20040101
2100;1;AANVRAAGBERICHT;0;0;14;20070411;NULL;NULL;NOPROD;20040101
2100;2;GESLAAGD;1;0;14;20070411;NULL;NULL;30110704;20050101
2100;8;ANTWOORDBERICHT;1;0;14;20070411;NULL;NULL;30110704;20050101
2100;9;FOUTMELDING;1;0;14;20070411;NULL;NULL;30110704;20050101
2101;6;ANTWOORDBERICHT;1;0;0;20070411;NULL;NULL;30214101;20050101
2101;8;ANTWOORDBERICHT;1;0;0;20070411;NULL;NULL;30214101;20050101
2101;9;FOUTMELDING;1;0;0;20070411;NULL;NULL;NOPROD;20040101
2102;2;ANTWOORDBERICHT;1;0;0;20070411;NULL;NULL;30150701;20050101
2102;8;ANTWOORD;1;0;0;20070411;NULL;NULL;30150701;20050101
2102;9;FOUT;1;0;0;20070411;NULL;NULL;30150701;20050101
2103;1;INKOMEND BERICHT;0;0;0;20070411;NULL;NULL;NOPROD;20040101
2103;2;ANTWOORDBERICHT;1;0;0;20070411;NULL;NULL;30110703;20050101
2103;4;ANTWOORDBERICHT;1;0;0;20140306;NULL;NULL;30110703;20100101
2103;9;FOUT;1;0;0;20070411;NULL;NULL;30110703;20050101
2104;2;ANTWOORDBERICHT;1;0;0;20070411;NULL;NULL;30110703;20050101
2104;9;FOUTMELDING;1;0;0;20070411;NULL;NULL;30110703;20050101
2131;1;OPHALEN;0;0;0;20071030;NULL;NULL;NOPROD;20040101
2131;2;VERSTUREN;1;0;0;20071030;NULL;NULL;NOPROD;20040101
2131;8;AANLEVEREN BESTAND;1;0;0;20071030;NULL;NULL;NOPROD;20040101
2141;1;VRAAG;0;0;0;20070806;NULL;NULL;NOPROD;20040101
2141;2;ANTWOORD;1;0;0;20070806;NULL;NULL;NOPROD;20040101
2141;9;FOUTBERICHT;1;0;0;20070806;NULL;NULL;NOPROD;20040101
2336;1;VRAAG;0;0;0;20080904;NULL;NULL;NOPROD;20040101
2336;2;ANTWOORD;1;0;0;20080904;NULL;NULL;30110721;20090501
2336;9;FOUT;1;0;0;20080904;NULL;NULL;NOPROD;20040101
2378;1;VRAAG;0;0;0;20090415;NULL;NULL;NOPROD;20040101
2378;2;ANTWOORD;1;0;0;20090415;NULL;NULL;30113301;20090107
2378;9;FOUT;1;0;0;20090415;NULL;NULL;NOPROD;20040101
2380;1;VRAAG;0;0;0;20090415;NULL;NULL;NOPROD;20040101
2380;2;ANTWOORD;1;0;0;20090415;NULL;NULL;30215101;20090107
2380;9;FOUT;1;0;0;20090415;NULL;NULL;NOPROD;20040101
2418;1;VRAAG;0;0;0;20090415;NULL;NULL;NOPROD;20040101
2418;8;ANTWOORD;1;0;0;20090415;NULL;NULL;30113301;20090107
2418;9;FOUT;1;0;0;20090415;NULL;NULL;NOPROD;20040101
2419;1;VRAAG;0;0;0;20090415;NULL;NULL;NOPROD;20040101
2419;8;ANTWOORD;1;0;0;20090415;NULL;NULL;30113301;20090107
2419;9;FOUT;1;0;0;20090415;NULL;NULL;NOPROD;20040101
2488;1;INKOMEND BERICHT;0;0;0;20090811;NULL;NULL;NOPROD;20040101
2488;2;VRAAGBERICHT;0;0;0;20090811;NULL;NULL;NOPROD;20040101
2488;7;ANTWOORDBERICHT;1;0;0;20140306;NULL;NULL;30110703;20100101
2488;8;ANTWOORDBERICHT;1;0;0;20111004;NULL;NULL;30110703;20100101
2488;9;FOUT;1;0;0;20090811;NULL;NULL;30110703;20080101
2511;1;AANVRAAGBERICHT;0;0;0;20091105;NULL;NULL;NOPROD;20040101
2511;8;ANTWOORDBERICHT;1;0;0;20091105;NULL;NULL;30110703;20080101
2511;9;FOUTBERICHT;1;0;0;20091105;NULL;NULL;NOPROD;20040101
2516;1;AANVRAAGBERICHT;0;0;211;20100621;NULL;NULL;NOPROD;20040101
2516;2;ANTWOORDBERICHT;1;0;211;20100621;NULL;NULL;NOPROD;20040101
2516;9;FOUTBERICHT;1;0;211;20100621;NULL;NULL;NOPROD;20040101
2522;1;AANVRAAGBERICHT;0;0;0;20100108;NULL;NULL;30112202;20070209
2522;8;ANTWOORDBERICHT;1;0;0;20100108;NULL;NULL;NOPROD;20040101
2547;1;AANVRAAGBERICHT;0;0;0;20140121;NULL;NULL;NOPROD;20040101
2547;8;ANTWOORDBERICHT;1;0;0;20140121;NULL;NULL;30110725;20140108
2547;9;FOUTBERICHT;1;0;0;20140121;NULL;NULL;NOPROD;20040101
2618;1;AANVRAAGBERICHT;0;0;0;20111214;NULL;NULL;NOPROD;20040101
2618;8;ANTWOORDBERICHT;1;0;0;20111214;NULL;NULL;30110721;20110101
2618;9;FOUTBERICHT;1;0;0;20111214;NULL;NULL;30110721;20110101
2680;1;AANVRAAGBERICHT;0;0;0;20140127;NULL;NULL;NOPROD;20040101
2680;8;ANTWOORDBERICHT;1;0;0;20140127;NULL;NULL;30130703;20100101
2680;9;FOUTBERICHT;1;0;0;20140127;NULL;NULL;NOPROD;20040101
2726;1;AANVRAAGBERICHT;0;0;0;20140121;NULL;NULL;NOPROD;20040101
2726;8;ANTWOORDBERICHT;1;0;0;20140121;NULL;NULL;30221503;20140101
2726;9;FOUTBERICHT;1;0;0;20140121;NULL;NULL;NOPROD;20040101
2727;1;AANVRAAGBERICHT;0;0;0;20140121;NULL;NULL;NOPROD;20040101
2727;8;ANTWOORDBERICHT;1;0;0;20140121;NULL;NULL;30221507;20140101
2727;9;FOUTBERICHT;1;0;0;20140121;NULL;NULL;NOPROD;20040101
2741;1;AANVRAAGBERICHT;0;0;0;20110922;NULL;NULL;NOPROD;20040101
2741;8;RETOURBERICHT;1;0;0;20110922;NULL;NULL;NOPROD;20040101
2741;9;FOUTBERICHT;1;0;0;20110922;NULL;NULL;NOPROD;20040101
2761;1;INKOMEND;0;0;0;20130322;NULL;NULL;NOPROD;20040101
2761;2;ANTWOORDBERICHT;1;0;0;20130322;NULL;NULL;30214103;20130101
2761;4;ANTWOORDBERICHT HERBEVESTIGING;1;0;0;20130322;NULL;NULL;NOPROD;20040101
2761;8;ANTWOORDBERICHT;1;0;0;20130322;NULL;NULL;30211212;20110901
2761;9;FOUTBERICHT;1;0;0;20130322;NULL;NULL;NOPROD;20040101
2891;1;AANVRAAGBERICHT;0;0;0;20140224;NULL;NULL;NOPROD;20040101
2891;8;ANTWOORDBERICHT;1;0;0;20140224;NULL;NULL;30120803;20140301
2891;9;FOUTBERICHT;1;0;0;20140224;NULL;NULL;NOPROD;20040101
2959;1;Aanvraagbericht;0;0;0;20140401;NULL;NULL;NOPROD;20040101
2959;2;Aanvraagbericht met dossiernr;0;0;0;20140401;NULL;NULL;NOPROD;20040101
2959;7;Antwoord tellerstandhistorie;1;0;0;20140401;NULL;NULL;30221507;20140101
2959;8;Antwoord laatste tellerstand;1;0;0;20140401;NULL;NULL;NOPROD;20040101
2959;9;Foutbericht;1;0;0;20140401;NULL;NULL;NOPROD;20040101
